,Title,Title_EN,ISBN,Author,Auth_Sugg,Num_Rev_Yes,Num_Rev_ol_Yes,Num_Reviews_Naver,az_EN_link,gr_EN_link,az_IT_link,an_IT_link,Yes24_link,Naver_link
0,그리고 아무도 없었다,And there was no one.,9788938201010.0,애거사 크리스티,Agatha Christie,120.0,118.0,620.0,https://www.amazon.it/Then-There-Were-None/dp/0312330871/ref=sr_1_1?__mk_it_IT=%C3%85M%C3%85%C5%BD%C3%95%C3%91&keywords=9780312330873&qid=1636366837&s=books&sr=1-1#customerReviews,https://www.goodreads.com/book/show/16299.And_Then_There_Were_None,https://www.amazon.it/Ridere-N-19-20/dp/880472868X/ref=sr_1_1?keywords=Dieci+piccoli+indiani.+E+non+rimase+nessuno&qid=1637339665&qsid=257-1828628-3940467&s=books&sr=1-1&sres=880472868X%2C8804616989%2CB07RQG7T6N%2C009946456X%2C8804732520%2C0141036141%2C8823510295%2C8804522283%2CB07XVKHKXT%2CB01MRC7IGL%2CB079YV6MQV%2CB00FL5TX3Y&srpt=ABIS_BOOK,https://www.anobii.com/books/e-poi-non-rimase-nessuno/01f946860d61f48eee,http://www.yes24.com/Product/Goods/70266,http://book.naver.com/bookdb/book_detail.naver?bid=109141
1,봄에 나는 없었다,Absent in spring,9788954623865.0,애거사 크리스티,Agatha Christie,50.0,14.0,207.0,https://www.amazon.com/Absent-Spring-AGATHA-CHRISTIE-WRIT/dp/0008131430/ref=sr_1_1?crid=32M9BEDEGLTYC&keywords=absent+in+the+spring&qid=1637333665&qsid=136-8839435-5223608&sprefix=absent+in+%2Caps%2C248&sr=8-1&sres=0008131430%2CB07B5SMYPY%2C0517603624%2C0312273223%2CB089NV6R6F%2CB0012GC9ZU%2C9573270544%2C4151300813%2CB07D8V3CJN%2CB073N9XQJY%2CB004RKDV64%2C0006493297%2CB01M2ZHB91%2CB00QPVWA7E%2CB00ARS9NEO%2CB001JE9TNU,https://www.goodreads.com/book/show/140345.Absent_in_the_Spring?from_search=true&from_srp=true&qid=VsMXCvsq4L&rank=1,https://www.amazon.it/deserto-del-cuore-Mary-Westmacott-ebook/dp/B0869N9T1B/ref=pd_rhf_se_s_pd_crcd_1/257-1828628-3940467?pd_rd_w=T3zQD&pf_rd_p=51678878-b568-4e51-b58f-db9e50122025&pf_rd_r=4B5XN9Y7MXMANMCA2H3V&pd_rd_r=057fdaa1-24a0-4d4e-bb0f-9ba0360462c3&pd_rd_wg=MsxCg&pd_rd_i=B0869N9T1B&psc=1,https://www.anobii.com/books/il-deserto-del-cuore/9788804602255/01a01e02a1d9b5dc13,http://www.yes24.com/Product/Goods/12000664,http://book.naver.com/bookdb/book_detail.naver?bid=7419144
2,오리엔트 특급 살인,Orient Express Murder,9788960177765.0,애거사 크리스티,Agatha Christie,28.0,289.0,72.0,https://www.amazon.com/Murder-Orient-Express-Agatha-Christie/dp/0007119313/ref=sr_1_1?__mk_it_IT=ÅMÅŽÕÑ&keywords=9780007119318&qid=1636366857&s=books&sr=1-1#customerReviews,https://www.goodreads.com/book/show/853510.Murder_on_the_Orient_Express,https://www.amazon.it/Assassinio-sullOrient-Express-Agatha-Christie/dp/8804732539/ref=sr_1_1?keywords=Assassinio+sull%27Orient-Express&qid=1636509687&qsid=260-7043333-5119002&s=books&sr=1-1&sres=8804732539%2C8804603062%2CB08F2NPHL9%2C0008249679%2C0062073508%2CB00MK9EBPE%2C8861234216%2CB087YL2FJS%2CB0044T3UN2%2C8804728167%2C8804727969%2C8804733934%2CB01BY1UD5K%2C0008268878%2C1851499156%2C8853019379&srpt=ABIS_BOOK,https://www.anobii.com/books/assassinio-sull-orient-express/01cdacfc8e6fa2b72b,http://www.yes24.com/Product/Goods/11865812,http://book.naver.com/bookdb/book_detail.naver?bid=7407525
3,딸은 딸이다,Daughter is a daughter.,9788954624664.0,애거사 크리스티,Agatha Christie,13.0,3.0,58.0,https://www.amazon.com/Daughters-Daughter-Other-Novels-Westmacott/dp/0312274726/ref=sr_1_1?crid=2UOC8ZUOP5RGE&keywords=a+daughter%27s+a+daughter+agatha+christie&qid=1637332591&qsid=136-8839435-5223608&sprefix=a+daughter%27s+a+d%2Caps%2C305&sr=8-1&sres=0312274726%2CB000FC2NGC%2C0062073486%2C9526535502%2C0008158614%2CB000FC2RRM%2C0525565108%2CB000FC1PLG%2C125030170X%2C0720613906%2C0062073974%2C0517603624%2CB083Q6JTKZ%2CB08N5YFL78%2CB0007Y3XRG%2C0593101537,https://www.goodreads.com/book/show/2975046-a-daughter-s-a-daughter?from_search=true&from_srp=true&qid=EYhuLIe7qE&rank=1,https://www.amazon.it/figlia-sempre-Oscar-bestsellers-emozioni-ebook/dp/B008561TSI/ref=sr_1_3?__mk_it_IT=ÅMÅŽÕÑ&keywords=una+figlia+per+sempre&qid=1637333227&qsid=257-1828628-3940467&sr=8-3&sres=8865321512%2C880784057X%2CB008561TSI%2CB09DMP89K7%2CB09KNGHRX7%2C8867220470%2C8835108780%2CB07HGBHL2K%2C8865801344%2C889151750X%2CB097MMGV1L%2CB09HSHS65C%2CB086YMZLP7%2CB09HG6KNZ7%2CB07C8FCK6G%2C8801057636%2CB0192CTO26%2CB09919C92S%2CB07JN7VMR5%2C8861895107,https://www.anobii.com/books/una-figlia-per-sempre/9788804617686/01f095c018c9564f04,http://www.yes24.com/Product/Goods/12818848,http://book.naver.com/bookdb/book_detail.naver?bid=7552145
4,ABC 살인사건,ABC murder case,9788938201041.0,애거사 크리스티,Agatha Christie,20.0,7.0,47.0,https://www.amazon.com/b-c-Murders-Hercule-Poirot-Mystery/dp/1579126243/ref=sr_1_1?__mk_it_IT=ÅMÅŽÕÑ&keywords=9781579126247&qid=1636371188&s=books&sr=1-1#customerReviews,https://www.goodreads.com/book/show/16322.The_A_B_C_Murders,https://www.amazon.it/serie-infernale-Oscar-gialli/dp/8804700106/ref=sr_1_1?__mk_it_IT=ÅMÅŽÕÑ&crid=2D2RUA6Q0NMCE&keywords=la+serie+infernale+agatha+christie&qid=1637340197&qsid=257-1828628-3940467&sprefix=la+serie+infernale+agat%2Cdigital-text%2C162&sr=8-1&sres=8804700106%2CB09FGXGM2P%2CB00L6DF5BY%2CB08XMVN39Y%2C8804727969%2C8804627212%2C8804616989%2C8804649089%2C8804728167%2CB08CWG6538%2C8804604530%2C8833210995%2C8851163758%2C8804672439%2C880468318X%2C880461837X%2C8804607645%2CB005SZ7TL0%2CB08WS87B8H%2CB019WO5ACM&srpt=ABIS_BOOK,https://www.anobii.com/books/la-serie-infernale/9788804419280/012fd8e92cdae14136,http://www.yes24.com/Product/Goods/103160,http://book.naver.com/bookdb/book_detail.naver?bid=108263
5,애크로이드 살인사건,Akroid murder case,9788938202086.0,애거사 크리스티,Agatha Christie,24.0,6.0,41.0,https://www.amazon.com/Murder-Roger-Ackroyd-Hercule-Mystery/dp/1579126278/ref=sr_1_1?__mk_it_IT=ÅMÅŽÕÑ&keywords=9781579126278&qid=1636366899&s=books&sr=1-1#customerReviews,https://www.goodreads.com/book/show/16328.The_Murder_of_Roger_Ackroyd,https://www.amazon.it/Lassassinio-Roger-Ackroyd-Agatha-Christie/dp/8804732520/ref=sr_1_1?keywords=l%27assassinio+di+roger+ackroyd&qid=1637340316&qsid=257-1828628-3940467&s=books&sr=1-1&sres=8804732520%2CB00OMAM0OI%2CB00DWZI57K%2C8804733934%2C0007527527%2C8804727969%2C8804732539%2C8861234216%2C8804721685%2C8804728167%2C8804682884%2C8804616989%2C8804716843%2C8804728965%2C8804680229%2C8804704632&srpt=ABIS_BOOK,https://www.anobii.com/books/l-assassinio-di-roger-ackroid/01b96827c16edd4f72,http://www.yes24.com/Product/Goods/103081,http://book.naver.com/bookdb/book_detail.naver?bid=139450
6,빛이 있는 동안,While the light is,9788982737015.0,애거사 크리스티,Agatha Christie,18.0,1.0,33.0,https://www.amazon.com/While-Light-Lasts-Agatha-Christie/dp/0007154852/ref=sr_1_1?__mk_it_IT=ÅMÅŽÕÑ&keywords=9780007154852&qid=1636368420&s=books&sr=1-1#customerReviews,https://www.goodreads.com/book/show/910046.While_the_Light_Lasts,https://www.amazon.it/casa-dei-sogni-Trisha-Ashley/dp/8822721985/ref=sr_1_1?keywords=La+casa+dei+sogni&qid=1637340910&qsid=257-1828628-3940467&s=books&sr=1-1&sres=8822721985%2C8804716401%2C8893486768%2C8854178829%2C8872181534%2C8875788855%2C8830632198%2CB0948JTDFG%2C887827402X%2C8817054763%2C8899438749%2C880622512X%2C8804735147%2CB08BG6B4NP%2CB09919C92S%2C8899949387&srpt=BOARD_GAME,https://www.anobii.com/books/la-casa-dei-sogni/9788804543275/0141ea714d063e49d6,http://www.yes24.com/Product/Goods/276590,http://book.naver.com/bookdb/book_detail.naver?bid=107880
7,쥐덫,mousetrap,9788938201034.0,애거사 크리스티,Agatha Christie,12.0,3.0,33.0,https://www.amazon.com/Mousetrap-Agatha-Christie/dp/0573619239/ref=sr_1_1?__mk_it_IT=ÅMÅŽÕÑ&keywords=9780573619236&qid=1636367566&s=books&sr=1-1#customerReviews,https://www.goodreads.com/book/show/2125922.The_Mousetrap,https://www.amazon.it/Trappola-topi-Agatha-Christie/dp/8804703202/ref=sr_1_1?keywords=Trappola+per+topi&qid=1637341036&qsid=257-1828628-3940467&s=books&sr=1-1&sres=8804703202%2CB00HT37CWA%2C880464575X%2C8856669153%2CB01G3UCPVM%2C8809859391%2C8890123303%2C8804729031%2CB097CCFKR7%2CB093YFCPJH%2C8856672847%2C1689894849%2C1689893664%2C1689892641%2C1689891343%2CB094NYCRBR&srpt=PEST_CONTROL_DEVICE,https://www.anobii.com/books/trappola-per-topi/9788804641643/016f1144b1190f6094,http://www.yes24.com/Product/Goods/103037,http://book.naver.com/bookdb/book_detail.naver?bid=108262
8,사일런트 페이션트,Silent Pension,9788965746898.0,알렉스 마이클리디스,Alex Michaelides,41.0,70.0,71.0,https://www.amazon.com/Silent-Patient-Alex-Michaelides/dp/1250301696/ref=sr_1_1?__mk_it_IT=ÅMÅŽÕÑ&keywords=9781250301697&qid=1636372209&s=books&sr=1-1#customerReviews,https://www.goodreads.com/book/show/40097951-the-silent-patient,https://www.amazon.it/paziente-silenziosa-Alex-Michaelides/dp/8806244582/ref=sr_1_1?keywords=La+paziente+silenziosa&qid=1637341264&qsid=257-1828628-3940467&s=books&sr=1-1&sres=8806244582%2C8842914363%2C1250301696%2CB09G3JZSTW%2C8850260202%2CB08YHWD6W2%2C886905909X%2C8822732170%2C8857518361%2CB094SXTBV9%2CB07Q72V6ZK%2C8822732189%2CB08ZBRS8B5%2C1077079761%2C8850259115%2CB0898WHV4R&srpt=ABIS_BOOK,https://www.anobii.com/books/la-paziente-silenziosa/0122b1932d440d5c18,http://www.yes24.com/Product/Goods/73363829,http://book.naver.com/bookdb/book_detail.naver?bid=14931076
9,프린들 주세요,Prele,9788971968345.0,앤드루 클레먼츠,Andrew Clements,43.0,78.0,123.0,https://www.amazon.com/gp/product/0689818769/ref=x_gr_w_bb_sout?ie=UTF8&tag=x_gr_w_bb_it-21&linkCode=ur2&camp=3370&creative=23322,https://www.goodreads.com/book/show/439173.Frindle,https://www.amazon.it/Drilla-Andrew-Clements/dp/8817103756/ref=sr_1_1?__mk_it_IT=ÅMÅŽÕÑ&keywords=Drilla+clements&qid=1637341443&qsid=257-1828628-3940467&s=books&sr=1-1&sres=8817103756%2C8817155225%2C8817086320%2C0399557628%2CB096VLJ6YP%2C0689818769%2C9811008795%2CB085S647Y3%2CB07X313NSS%2CB006OH9ENM%2C8845121682,https://www.anobii.com/books/drilla/9788845183584/0137601a893aeb87d9,http://www.yes24.com/Product/Goods/241709,http://book.naver.com/bookdb/book_detail.naver?bid=176040
10,성적표,grade card,9788901074115.0,앤드루 클레먼츠,Andrew Clements,4.0,2.0,33.0,https://www.amazon.com/Report-Card-Andrew-Clements/dp/0689845243/ref=sr_1_1?__mk_it_IT=ÅMÅŽÕÑ&keywords=The+Report+Card&qid=1637341743&qsid=136-8839435-5223608&s=books&sr=1-1&sres=0689845243%2CB07P55SPD3%2C0971710120%2C1420688561%2C0984746064%2C0375811273%2C0071630155%2C1412940877%2C1462509231%2C0822467771%2CB09CGBNNPD%2CB082WLZWY4%2C0887247873%2CB071FXQN1R%2CB08F6LDV9X%2C0470395338&srpt=ABIS_BOOK,https://www.goodreads.com/book/show/352179.The_Report_Card,https://www.amazon.it/pagella-Andrew-Clements-ebook/dp/B00KVGK22E/ref=sr_1_1?__mk_it_IT=ÅMÅŽÕÑ&keywords=La+pagella+clements&qid=1637341840&qsid=257-1828628-3940467&s=books&sr=1-1&sres=B00KVGK22E%2CB08VXLZ42T&srpt=ABIS_BOOK,https://www.anobii.com/books/la-pagella/9788817021210/0125bd3c65a7958917,http://www.yes24.com/Product/Goods/2775600,http://book.naver.com/bookdb/book_detail.naver?bid=4300682
11,말 안 하기 게임,Honoring game,9788949121277.0,앤드루 클레먼츠,Andrew Clements,19.0,8.0,32.0,https://www.amazon.com/No-Talking-Andrew-Clements/dp/1416909834/ref=sr_1_1?__mk_it_IT=ÅMÅŽÕÑ&keywords=9781416909835&qid=1636372821&s=books&sr=1-1#customerReviews,https://www.goodreads.com/book/show/235127.No_Talking,https://www.amazon.it/gioco-del-silenzio-Andrew-Clements/dp/8817148601/ref=sr_1_1?keywords=Il+gioco+del+silenzio&qid=1637342036&qsid=257-1828628-3940467&s=books&sr=1-1&sres=8817148601%2C8857515974%2C8851174180%2C885117184X%2C1791934048%2CB099BZ79Y4%2C8822732170%2C886858218X%2CB09CRQL4MZ%2CB0973FMTVT%2CB00WNMEW84%2C8804725303%2C8833700747%2CB092P62RKY%2C8891831360%2CB08JLHQFG7&srpt=ABIS_EBOOKS,https://www.anobii.com/books/il-gioco-del-silenzio/9788817056410/012eea3bffca341955,http://www.yes24.com/Product/Goods/4070881,http://book.naver.com/bookdb/book_detail.naver?bid=6339572
12,위쳐,Blood of Elves,9788959522392.0,안제이 사프콥스키,Andrzej Sapkowski,32.0,18.0,37.0,https://www.goodreads.com/book/show/6043781-blood-of-elves,https://www.amazon.it/Blood-Elves-Andrzej-Sapkowski/dp/031602919X/ref=sr_1_1?__mk_it_IT=%C3%85M%C3%85%C5%BD%C3%95%C3%91&keywords=9780316029193&qid=1636373178&s=books&sr=1-1#customerReviews,https://www.amazon.it/sangue-degli-elfi-witcher/dp/8842932434/,https://www.anobii.com/books/il-sangue-degli-elfi/9788842916659/0172232e733b716731,http://www.yes24.com/Product/Goods/5822647,http://book.naver.com/bookdb/book_detail.naver?bid=6750857
13,AFTER 애프터 1,After after After 1,9791188253036.0,안나 토드,Anna Todd,66.0,29.0,49.0,https://www.amazon.com/After-1-Anna-Todd/dp/1476792488/,https://www.goodreads.com/book/show/22557520-after,https://www.amazon.it/After-Nuova-ediz-Vol-1/dp/8855440705/,https://www.anobii.com/books/after/9788800689243/014b79efe2c5b38347,http://www.yes24.com/Product/Goods/64244327,http://book.naver.com/bookdb/book_detail.naver?bid=13982827
14,AFTER 애프터 2,After After 2,9791188253043.0,안나 토드,Anna Todd,53.0,14.0,34.0,https://www.amazon.com/After-We-Collided-Anna-Todd/dp/1501104004/,https://www.goodreads.com/book/show/22540125-after-we-collided,https://www.amazon.it/Cuore-Mille-Pezzi-After-Speciale/dp/8820069016/,https://www.anobii.com/books/after-2/9788820058685/01e680c35261280447,http://www.yes24.com/Product/Goods/64244331,http://book.naver.com/bookdb/book_detail.naver?bid=13982830
15,내 이름은 삐삐 롱스타킹,My name is Pipi Long Sat,9788952785404.0,아스트리드 린드그렌,Astrid Lindgren,28.0,55.0,38.0,https://www.amazon.com/Pippi-Longstocking-Astrid-Lindgren/dp/0140309578/ref=sr_1_1?qid=1637936673&qsid=136-8839435-5223608&refinements=p_27%3AAstrid+Lindgren&s=books&sr=1-1&sres=0140309578%2C3789129402%2C3789161306%2C3837308081%2C0698115910%2C3789114502%2C0670876127%2C0140309594%2C3789141771%2C3789141615%2C3789141712%2C0140317201%2C3789141186%2C3789161314%2C014032609X%2C0140309586&text=Astrid+Lindgren,https://www.goodreads.com/book/show/19302.Pippi_Longstocking,https://www.amazon.it/gp/product/B00UXJ3JCY/,https://www.anobii.com/books/pippi-calzelunghe/9788869183034/0137f1d9bd55f451d2,http://www.yes24.com/Product/Goods/40752580,http://book.naver.com/bookdb/book_detail.naver?bid=12058300
16,사자왕 형제의 모험,Lion King Brother's Adventure,9788936440466.0,아스트리드 린드그렌,Astrid Lindgren,21.0,0.0,36.0,https://www.amazon.com/Brothers-Lionheart-Astrid-Lindgren/dp/0192729047/,https://www.goodreads.com/book/show/19312.The_Brothers_Lionheart,https://www.amazon.it/I-fratelli-Cuordileone-Astrid-Lindgren/dp/8831003771/,https://www.anobii.com/books/i-fratelli-cuordileone/9788877829368/012008639096830b8a,http://www.yes24.com/Product/Goods/16205,http://book.naver.com/bookdb/book_detail.naver?bid=172843
17,에밀은 사고뭉치,Emil is an accident bunch,9788984141636.0,아스트리드 린드그렌,Astrid Lindgren,35.0,7.0,31.0,https://www.amazon.it/Emil-Great-Escape-Astrid-Lindgren/dp/0192727206/,https://www.goodreads.com/book/show/3131741-emil-i-l-nneberga,https://www.amazon.it/gp/product/B08MYSDPMT/,https://www.anobii.com/books/emil/9788884514868/018df36fa736d13953,http://www.yes24.com/Product/Goods/9432658,http://book.naver.com/bookdb/book_detail.naver?bid=7289964
18,"다 빈치 코드 1,2권 세트","Da Vinci Code 1,2 volumes set",9788957590508.0,댄 브라운,Dan Brown,90.0,1.0,390.0,https://www.amazon.com/Vinci-Code-Robert-Langdon-Book/dp/0552159719/,https://www.goodreads.com/book/show/968.The_Da_Vinci_Code,https://www.amazon.it/Codice-Vinci-Dan-Brown/dp/8804667222/ref=sr_1_1?keywords=Il+Codice+Da+Vinci&qid=1636512200&qsid=260-7043333-5119002&s=books&sr=1-1&sres=8804667222%2CB00Z6KNFSI%2C8834421175%2CB009UDYLM6%2CB00DWZGN10%2C8804665378%2C8804667249%2C8860480116%2CB08P3D154N%2C8804667257%2C8809873505%2C8870945669%2C8889369884%2CB08P18NGK1%2C8809865553%2CB0898WHV4R&srpt=ABIS_BOOK,https://www.anobii.com/books/il-codice-da-vinci/01a004a71a06a81561,http://www.yes24.com/Product/Goods/1392155,http://book.naver.com/bookdb/book_detail.naver?bid=1221783
19,인페르노 1,"Inferno 1 -> Infernot set 1,2",9788983924872.0,댄 브라운,Dan Brown,68.0,20.0,290.0,https://www.amazon.com/Inferno-Version-Inglese-Dan-Brown/dp/0385537859/,https://www.goodreads.com/book/show/17212231-inferno,https://www.amazon.it/Inferno-Dan-Brown/dp/8804665378/,https://www.anobii.com/books/inferno/01fb96cb4ddce73368,http://www.yes24.com/Product/Goods/32692839,https://book.naver.com/bookdb/book_detail.naver?bid=7235152
20,"천사와 악마 1,2권 세트","Angel and Devil 1,2 volumes set",9788957590751.0,댄 브라운,Dan Brown,30.0,0.0,172.0,https://www.amazon.com/gp/product/B000FBJFSM/,https://www.goodreads.com/book/show/960.Angels_Demons,https://www.amazon.it/Angeli-demoni-Dan-Brown/dp/8804667249/ref=sr_1_1?keywords=Angeli+e+demoni&qid=1636512186&qsid=260-7043333-5119002&s=books&sr=1-1&sres=8804667249%2C0813227992%2C8867371088%2C8810503112%2C0061350249%2CB08HTM6BNL%2C8830457205%2C8885939732%2C055216089X%2C8821595951%2C8408175742%2CB08PJQ387J%2C1704725542%2CB088LGHKMF%2CB002OFDSP8%2CB095GFKVW3&srpt=ABIS_BOOK,https://www.anobii.com/books/angeli-e-demoni/9788852013812/010060eb1bf828a51f,http://www.yes24.com/Product/Goods/1416947,http://book.naver.com/bookdb/book_detail.naver?bid=1459754
21,로스트 심벌 1,Lost Symbol 1,9788983923387.0,댄 브라운,Dan Brown,75.0,7.0,152.0,https://www.amazon.com/gp/product/B002KQ6BT6/,https://www.goodreads.com/book/show/6411961-the-lost-symbol,https://www.amazon.it/gp/product/B005SZ52JG/,https://www.anobii.com/books/il-simbolo-perduto/9788804604723/012c086157261be7b5,http://www.yes24.com/Product/Goods/3607672,http://book.naver.com/bookdb/book_detail.naver?bid=6182203
22,오리진 1,"Origin 1 -> Origin set 1,2",9788983926845.0,댄 브라운,Dan Brown,32.0,87.0,121.0,https://www.amazon.com/gp/product/B01LY7FD0D/,https://www.goodreads.com/book/show/32283133-origin,https://www.amazon.it/gp/product/B075G2WCLF/,https://www.anobii.com/books/origin/9788804703389/011c409a37720b642a,http://www.yes24.com/Product/Goods/56690739,https://book.naver.com/bookdb/book_detail.naver?bid=12753284
23,은하수를 여행하는 히치하이커를 위한 안내서 합본,Guide for Hitchhiker to travel to Milky Way,9788970135472.0,더글러스 애덤스,Douglas Adams,26.0,10.0,152.0,https://www.amazon.com/Hitchhikers-Guide-Galaxy-Trilogy-Five/dp/1529034523/,https://www.goodreads.com/book/show/386162.The_Hitchhiker_s_Guide_to_the_Galaxy,https://www.amazon.it/gp/product/B07MZTCZV7/,https://www.anobii.com/books/guida-galattica-per-autostoppisti/9788804707370/01c5933953fdba1605,http://www.yes24.com/Product/Goods/1819520,http://book.naver.com/bookdb/book_detail.naver?bid=1997216
24,더크 젠틀리의 성스러운 탐정 사무소,Dark Gentli's sacred detective office,9788991310254.0,더글러스 애덤스,Douglas Adams,47.0,0.0,37.0,https://www.amazon.com/Dirk-Gentlys-Holistic-Detective-Agency/dp/1529034582/,https://www.goodreads.com/book/show/365.Dirk_Gently_s_Holistic_Detective_Agency,https://www.amazon.it/gp/product/B008561TTW/,https://www.anobii.com/books/l-investigatore-olistico-dirk-gently/01f66e4884348878e0,http://www.yes24.com/Product/Goods/3473370,http://book.naver.com/bookdb/book_detail.naver?bid=6048093
25,동물농장,animal Farm,9788937460050.0,조지 오웰,George Orwell,242.0,230.0,1136.0,https://www.amazon.com/Animal-Farm-Fairy-Story-Anniversary/dp/0451526341/,https://www.goodreads.com/book/show/170448.Animal_Farm,https://www.amazon.it/gp/product/B0065FZIO2/,https://www.anobii.com/books/la-fattoria-degli-animali/9788830104884/0116dd066fc81d9559,http://www.yes24.com/Product/Goods/17352,http://book.naver.com/bookdb/book_detail.naver?bid=5151
26,1984,1984,9788937460777.0,조지 오웰,George Orwell,177.0,179.0,990.0,https://www.amazon.com/gp/product/B088RKJ5JB/,https://www.goodreads.com/book/show/40961427-1984,https://www.amazon.it/gp/product/B00647R2OK/,https://www.anobii.com/books/millenovecentoottantaquattro/9788830104877/01bf41e4ba0ae7c7f8,http://www.yes24.com/Product/Goods/372300,http://book.naver.com/bookdb/book_detail.naver?bid=125627
27,나는 왜 쓰는가,Why do I write,9788984314238.0,조지 오웰,George Orwell,42.0,32.0,179.0,https://www.amazon.com/Why-Write-Penguin-Great-Ideas/dp/0143036351/,https://www.goodreads.com/book/show/9644.Why_I_Write,https://www.amazon.it/Letteratura-palestra-libert%C3%A0-George-Orwell/dp/8804701013/ref=sr_1_1?keywords=Letteratura+palestra+di+libert%C3%A0&qid=1636512573&qsid=260-7043333-5119002&s=books&sr=1-1&sres=8804701013%2C880468643X%2C8804665300%2C8804668156%2C8804705590%2C8804680164%2CB00U37GBXA%2CB00UIQDOWC%2CB07PHGJH5Q%2CB07FN68C79%2CB07GX82RT3&srpt=ABIS_BOOK,https://www.anobii.com/books/letteratura-palestra-di-liberta/9788852043567/012d9171ee431b4fa1,http://www.yes24.com/Product/Goods/4212338,http://book.naver.com/bookdb/book_detail.naver?bid=6366481
28,카탈로니아 찬가,Homage to Catalunia,9788937460463.0,조지 오웰,George Orwell,33.0,14.0,135.0,https://www.amazon.com/gp/product/B002RI9XHO/,https://www.goodreads.com/book/show/9646.Homage_to_Catalonia,https://www.amazon.it/gp/product/B00SKCBHUW/ref=dbs_a_def_rwt_hsch_vapi_taft_p2_i6,https://www.anobii.com/books/omaggio-alla-catalogna/9788804222248/0141ed5cf6c1fd37cf,http://www.yes24.com/Product/Goods/201697,http://book.naver.com/bookdb/book_detail.naver?bid=218371
29,위건 부두로 가는 길,La strada di Wigan Pier,9788984313712.0,조지 오웰,George Orwell,32.0,10.0,83.0,https://www.amazon.com/Road-Wigan-Pier-George-Orwell/dp/0141395451/,https://www.goodreads.com/book/show/30553.The_Road_to_Wigan_Pier,https://www.amazon.it/strada-Wigan-Pier-George-Orwell-ebook/dp/B00SKCBHW0/ref=sr_1_1?keywords=La+strada+di+Wigan+Pier&qid=1636512552&qsid=260-7043333-5119002&s=books&sr=1-1&sres=B00SKCBHW0%2C0141395451%2CB095X943XL%2C1529032725%2CB003S8IK58%2C8883379071%2C8804668288%2C0141036141%2C8804684313%2C8804734906%2C880468643X%2C1844132390%2C1784871516%2CB00SVHMZ5C%2CB00UIQDOWC%2CB00OIAXQIG&srpt=ABIS_BOOK,https://www.anobii.com/books/la-strada-di-wigan-pier/9788804479369/017cb9cbce6dd6f192,http://www.yes24.com/Product/Goods/3664216,http://book.naver.com/bookdb/book_detail.naver?bid=6214723
30,숨 쉬러 나가다,Bite,9788984314634.0,조지 오웰,George Orwell,25.0,0.0,60.0,https://www.amazon.com/Coming-Up-Air-George-Orwell/dp/0156196255/,https://www.goodreads.com/book/show/509080.Coming_Up_for_Air,https://www.amazon.it/Una-boccata-daria-George-Orwell-ebook/dp/B00SNXNTI6/,https://www.anobii.com/books/una-boccata-d-aria/9788804368663/01468cc1a68d39107a,http://www.yes24.com/Product/Goods/4898741,http://book.naver.com/bookdb/book_detail.naver?bid=6615794
31,파리와 런던의 밑바닥 생활,Bottom Life of Paris and London,9788990745354.0,조지 오웰,George Orwell,15.0,1.0,32.0,https://www.amazon.com/Down-Paris-London-George-Orwell/dp/0141184388/,https://www.goodreads.com/book/show/393199.Down_and_Out_in_Paris_and_London,https://www.amazon.it/Senza-Parigi-Londra-George-Orwell/dp/8804686561/ref=sr_1_1?keywords=Senza+un+soldo+a+Parigi+e+Londra&qid=1636512658&qsid=260-7043333-5119002&s=books&sr=1-1&sres=8804686561%2C8822736761%2CB07CZJ12ZT%2C8822749766%2C8804668156%2CB00OIAXQIG%2C8811811732%2C8804667923%2C8804668237%2C0141036141&srpt=ABIS_BOOK,https://www.anobii.com/books/senza-un-soldo-a-parigi-e-londra/9788852061844/01262b282d6bf7388b,http://www.yes24.com/Product/Goods/2994345,http://book.naver.com/bookdb/book_detail.naver?bid=4630113
32,나를 찾아줘,Find me,9788971848722.0,길리언 플린,Gillian Flynn,133.0,43.0,357.0,https://www.amazon.com/Gone-Girl-English-Gillian-Flynn-ebook/dp/B007ZXK08C/,https://www.goodreads.com/book/show/19288043-gone-girl,https://www.amazon.it/Lamore-bugiardo-Ogni-storia-facce-ebook/dp/B01GU6820C/ref=sr_1_1?keywords=L%27amore+bugiardo&qid=1636512770&qsid=260-7043333-5119002&s=books&sr=1-1&sres=B01GU6820C%2C8868924382%2C8833662314%2C8827825983%2CB09BFSZS4H%2C8892351249%2C8831658085%2C8892354159%2C8822741870%2C1076473881%2CB08RGYSYYW%2C8851194327%2CB084DPJMHD%2C1541012976%2C8822739264%2C8866321923&srpt=ABIS_EBOOKS,https://www.anobii.com/books/l-amore-bugiardo/013ac0e603f9cd104c,http://www.yes24.com/Product/Goods/8586252,http://book.naver.com/bookdb/book_detail.naver?bid=7158730
33,나는 언제나 옳다,I am always right,9791156756309.0,길리언 플린,Gillian Flynn,46.0,508.0,128.0,https://www.amazon.com/Grownup-Gillian-Flynn/dp/0804188971/,https://www.goodreads.com/book/show/26025580-the-grownup,https://www.amazon.it/buon-presagio-Gillian-Flynn/dp/8817087734/ref=sr_1_1?keywords=Un+buon+presagio&qid=1636512791&qsid=260-7043333-5119002&s=books&sr=1-1&sres=8817087734%2C8804713186%2C8804712023%2C8817001791%2C8817088455%2C8841284374%2C844500669X%2C1472258290%2C1473227836%2C8817101761%2C0552176451%2C0804138338%2C1472261283,https://www.anobii.com/books/un-buon-presagio/9788858685198/01e8f3bfd4540898b8,http://www.yes24.com/Product/Goods/23210402,http://book.naver.com/bookdb/book_detail.naver?bid=9833438
34,다크 플레이스,Dark Place,9788971846933.0,길리언 플린,Gillian Flynn,68.0,17.0,97.0,https://www.amazon.com/Dark-Places-Gillian-Flynn/dp/0307341569/,https://www.goodreads.com/book/show/5886881-dark-places,https://www.amazon.it/Dark-Places-Gillian-Flynn/dp/0804138338/ref=sr_1_1?keywords=Dark+Places&qid=1636512763&qsid=260-7043333-5119002&s=books&sr=1-1&sres=0804138338%2C147284095X%2C1387587803%2C0099537842%2C3596173981%2C173561730X%2C189035001X%2CB088N5G5QL%2C138763965X%2CB008I6JUG8%2C0244517339%2C8856652013%2C1643090429%2C1631680145%2C1938270371%2C8832231352,https://www.anobii.com/books/dark-places/9788856652017/01724bd637a585ab1a,http://www.yes24.com/Product/Goods/9148699,http://book.naver.com/bookdb/book_detail.naver?bid=7241065
35,몸을 긋는 소녀,Girl pulling body,9791156755227.0,길리언 플린,Gillian Flynn,42.0,7.0,69.0,https://www.amazon.com/Sharp-Objects-Atlantic-starring-Jean-Marc/dp/0753822210/,https://www.goodreads.com/book/show/18045891-sharp-objects,https://www.amazon.it/Storie-sulla-pelle-Nicolai-Lilin/dp/8806214144/ref=sr_1_1?keywords=Sulla+pelle&qid=1636512784&qsid=260-7043333-5119002&s=books&sr=1-1&sres=8806214144%2C8817101761%2C8831222805%2C8883141210%2C8850250282%2C1687695938%2C1090750080%2C8811687969%2C8836643965%2C8871868277%2CB08H6NMDD6%2C8830617695%2C1636951147%2C1707799296%2C1703989163%2C8864115536&srpt=ABIS_BOOK,https://www.anobii.com/books/sulla-pelle/9788858508275/010b8e2110d04e5b00,http://www.yes24.com/Product/Goods/14306711,http://book.naver.com/bookdb/book_detail.naver?bid=8064878
36,"아이, 로봇","I, robot",9788980409259.0,아이작 아시모프,Isaac Asimov,12.0,11.0,55.0,https://www.amazon.com/I-Robot-Isaac-Asimov/dp/0553803700/,https://www.goodreads.com/book/show/41804.I_Robot,https://www.amazon.it/I-Robot-Isaac-Asimov/dp/000753227X/ref=sr_1_1?keywords=Io%2C+Robot&qid=1636513530&qsid=260-7043333-5119002&s=books&sr=1-1&sres=000753227X%2C8897846572%2C8851148422%2C8804735112%2C8845223868%2C0008277818%2C8842820180%2C8888865098%2C8828507713%2C8804729198%2C8842825506%2C8828507551%2CB08C9C5G1C%2C8804724110%2C8820072580%2C8863240221&srpt=ABIS_BOOK,https://www.anobii.com/books/io-robot/01d0a0a198cf57e4dc,http://www.yes24.com/Product/Goods/3021269,http://book.naver.com/bookdb/book_detail.naver?bid=4684707
37,아자젤 Azazel,Azazel Azazel,9788932917009.0,아이작 아시모프,Isaac Asimov,14.0,5.0,42.0,https://www.amazon.com/Azazel-Isaac-Asimov/dp/038524410X,https://www.goodreads.com/en/book/show/71904.Azazel,https://www.amazon.it/Azazel-Isaac-Asimov/dp/880440437X/ref=sr_1_3?__mk_it_IT=ÅMÅŽÕÑ&crid=3L3U4JU3A61IY&keywords=Azazel+asimov&qid=1640269206&sprefix=azazel+asimov%2Caps%2C67&sr=8-3,https://www.anobii.com/books/azazel/01bb6929f33b5dfe91,http://www.yes24.com/Product/Goods/16905739,http://book.naver.com/bookdb/book_detail.naver?bid=8822604
38,파운데이션 완전판 세트,Foundation Complete Edition Set,9788960177635.0,아이작 아시모프,Isaac Asimov,12.0,26.0,39.0,https://www.amazon.com/The-Foundation-Trilogy/dp/0380508567/,https://www.goodreads.com/book/show/46654.The_Foundation_Trilogy,https://www.amazon.it/Fondazione-ciclo-completo-Isaac-Asimov/dp/8804729198/,https://www.anobii.com/books/trilogia-della-fondazione/9788804528647/01f52ad717d3525450,http://www.yes24.com/Product/Goods/11121896,http://book.naver.com/bookdb/book_detail.naver?bid=7320175
39,메이즈 러너,Maiz Runner,9788983924469.0,제임스 대시너,James Dashner,28.0,31.0,213.0,https://www.goodreads.com/book/show/6186357-the-maze-runner,https://www.goodreads.com/book/show/6186357-the-maze-runner,https://www.amazon.it/gp/product/B00CFI7N3M/,https://www.anobii.com/books/il-labirinto/9788834727065/01e153a17179cdb76b,http://www.yes24.com/Product/Goods/7221040,http://book.naver.com/bookdb/book_detail.naver?bid=6946447
40,스코치 트라이얼,Scotch Trial,9788983924490.0,제임스 대시너,James Dashner,16.0,31.0,120.0,https://www.amazon.com/Scorch-Trials-James-Dashner/dp/0385738757/,https://www.goodreads.com/book/show/7631105-the-scorch-trials,https://www.amazon.it/fuga-Maze-Runner-2/dp/8834740807/ref=sr_1_1?keywords=La+fuga.+Maze+Runner&qid=1636514249&qsid=260-7043333-5119002&s=books&sr=1-1&sres=8834740807%2C8834734378%2C8891216844%2CB08RBD8P68%2C883474103X%2C883473968X%2C8834734386%2C883473436X%2C8834742168%2C1911490273%2C355131991X%2C0385738765%2C1524771031%2C0385737955%2C1626015678%2CB01LXBL9OA,https://www.anobii.com/books/la-fuga/9788834727072/01667eca79db6c5466,http://www.yes24.com/Product/Goods/7293199,http://book.naver.com/bookdb/book_detail.naver?bid=6964248
41,데스 큐어,Death Cure,9788983925251.0,제임스 대시너,James Dashner,16.0,45.0,101.0,https://www.amazon.com/Death-Cure-James-Dashner/dp/0385738773/,https://www.goodreads.com/book/show/7864437-the-death-cure,https://www.amazon.it/rivelazione-Maze-Runner-3/dp/883473436X/ref=sr_1_1?keywords=La+rivelazione.+Maze+Runner&qid=1636514285&qsid=260-7043333-5119002&s=books&sr=1-1&sres=883473436X%2C883474103X%2C883473968X%2C8834740807%2C8834734378%2C8834734386%2C1908435208%2C0385738765%2CB09825GZN2&srpt=ABIS_BOOK,https://www.anobii.com/books/la-rivelazione/9788834725597/015cd1bf3216aaa9e3,http://www.yes24.com/Product/Goods/14061459,http://book.naver.com/bookdb/book_detail.naver?bid=7917470
42,킬 오더,Kill Order,9788983925848.0,제임스 대시너,James Dashner,21.0,30.0,42.0,https://www.amazon.com/Kill-Order-James-Dashner/dp/0385742886/,https://www.goodreads.com/book/show/13089710-the-kill-order,https://www.amazon.it/mutazione-Maze-Runner-James-Dashner/dp/8834734378/ref=sr_1_1?keywords=La+mutazione&qid=1636514263&qsid=260-7043333-5119002&s=books&sr=1-1&sres=8834734378%2C8842097241%2C8833936007%2C8845296253%2C8898693052%2C8842099120%2C8878244244%2C8843093665%2C889663587X%2C8843086634%2CB08WK51ZXZ%2C8899700273%2C9492916568%2C8894537803%2C8894826287%2CB091F75KQT&srpt=ABIS_BOOK,https://www.anobii.com/books/la-mutazione/9788834728536/01a9a064a7a6b35e62,http://www.yes24.com/Product/Goods/19076902,http://book.naver.com/bookdb/book_detail.naver?bid=9204483
43,윔피키드 1,Wimpikid 1,9788993055023.0,제프 키니,Jeff Kinney,45.0,2.0,88.0,https://www.amazon.com/gp/product/0810993139/ref=x_gr_w_bb_glide_sout?ie=UTF8&tag=x_gr_w_bb_glide_sout-20&linkCode=as2&camp=1789&creative=9325&creativeASIN=0810993139&SubscriptionId=1MGPYB6YW3HWK55XCGG2,https://www.goodreads.com/book/show/389627.Diary_of_a_Wimpy_Kid,https://www.amazon.it/Diario-una-schiappa-Ediz-illustrata/dp/8880334395/ref=sr_1_2?keywords=Diario+di+una+schiappa&qid=1640806878&s=books&sr=1-2,https://www.anobii.com/books/diario-di-una-schiappa/9788880334392/01024bad44e3f0e816,http://www.yes24.com/Product/Goods/2901450,http://book.naver.com/bookdb/book_detail.naver?bid=4513691
44,윔피키드 5,Wimpikid 5,9788965590064.0,제프 키니,Jeff Kinney,13.0,1.0,33.0,https://www.amazon.com/gp/product/0810984911/ref=x_gr_w_bb_sout?ie=UTF8&tag=x_gr_w_bb_sout-20&linkCode=as2&camp=1789&creative=9325&creativeASIN=0810984911&SubscriptionId=1MGPYB6YW3HWK55XCGG2,https://www.goodreads.com/book/show/7823678-the-ugly-truth,https://www.amazon.it/Diario-una-schiappa-dura-verità/dp/8880336185/ref=sr_1_14?keywords=Diario+di+una+Schiappa&qid=1640807800&s=books&sr=1-14,https://www.anobii.com/books/diario-di-una-schiappa/9788880336181/013cfb52c17f15044b,http://www.yes24.com/Product/Goods/4448535,http://book.naver.com/bookdb/book_detail.naver?bid=6418151
45,노인의 전쟁,Elderly war,9788946417410.0,존 스칼지,John Scalzi,38.0,12.0,146.0,https://www.amazon.com/gp/product/B000SEIK2S/,https://www.goodreads.com/book/show/36510196-old-man-s-war,https://www.amazon.it/Morire-vivere-John-Scalzi/dp/8889541903/ref=sr_1_1?__mk_it_IT=ÅMÅŽÕÑ&crid=16U0ZPSBI6DKU&keywords=Morire+per+vivere+john+scalzi&qid=1640808148&s=books&sprefix=morire+per+vivere+john+scalzi%2Cstripbooks%2C75&sr=1-1,https://www.anobii.com/books/morire-per-vivere/9788889541906/014a70daabb6bd639b,http://www.yes24.com/Product/Goods/3262412,http://book.naver.com/bookdb/book_detail.naver?bid=5347190
46,유령여단,Ghost Brigade,9788946417786.0,존 스칼지,John Scalzi,58.0,1.0,87.0,https://www.amazon.com/Ghost-Brigades-John-Scalzi/dp/0765354063/,https://www.goodreads.com/book/show/239399.The_Ghost_Brigades,https://www.amazon.it/Brigate-Fantasma-John-Scalzi/dp/8889541962/ref=sr_1_2?keywords=Le+brigate+fantasma&qid=1640808588&s=books&sr=1-2,https://www.anobii.com/books/le-brigate-fantasma/9788889541968/016b2b98747fd6bbc9,http://www.yes24.com/Product/Goods/3992992,http://book.naver.com/bookdb/book_detail.naver?bid=6322270
47,마지막 행성,Last planet,9788946418080.0,존 스칼지,John Scalzi,37.0,1.0,66.0,https://www.amazon.com/gp/product/0765316978/,https://www.goodreads.com/book/show/88071.The_Last_Colony,https://www.amazon.it/s?k=L%27ultima+colonia+john+scalzi&i=stripbooks&__mk_it_IT=ÅMÅŽÕÑ&crid=39S5SCHNO5VL8&sprefix=l+ultima+colonia+john+scalzi%2Cstripbooks%2C65&ref=nb_sb_noss,https://www.anobii.com/books/l-ultima-colonia/9788898172443/01a9e78bf94e1b93e5,http://www.yes24.com/Product/Goods/5306424,http://book.naver.com/bookdb/book_detail.naver?bid=6679065
48,미 비포 유 Me Before You,Me Before You,9788952227829.0,조조 모예스,Jojo Moyes,248.0,228.0,1210.0,https://www.amazon.com/gp/product/0143124544/,https://www.goodreads.com/book/show/17347634-me-before-you,https://www.amazon.it/Io-prima-te-Edizione-Roughcut/dp/8804662654/ref=sr_1_1?keywords=Io+prima+di+te&qid=1636514670&qsid=260-7043333-5119002&s=books&sr=1-1&sres=8804662654%2CB09L4RXTV3%2C8804676698%2C880620680X%2C8804710292%2CB08J5954K5%2CB08TSJYXH1%2CB09HQ2KJDM%2C8804743182%2CB09FS2YJYV%2C8875170606%2CB09FRZW95Y%2C8804741082%2C8893884038%2C8891583561%2CB0952Y9XTM&srpt=ABIS_BOOK,https://www.anobii.com/books/io-prima-di-te/9788804662655/01da3cd0dd05232d0b,http://www.yes24.com/Product/Goods/11875066,http://book.naver.com/bookdb/book_detail.naver?bid=7408122
49,원 플러스 원,One Plus One,9788952230287.0,조조 모예스,Jojo Moyes,89.0,33.0,182.0,https://www.amazon.com/gp/product/0143127500,https://www.goodreads.com/book/show/23359964-one-plus-one,https://www.amazon.it/Una-più-uno-Jojo-Moyes/dp/8804671025/ref=sr_1_1?keywords=Una+più+uno&qid=1636514783&qsid=260-7043333-5119002&s=books&sr=1-1&sres=8804671025%2C841343081X%2C8867026283%2C8828400765%2C8828207949%2C8831431374%2C8867026275%2C8857576841%2CB08WJY4Y8D%2C8864667989%2C8879448447%2C8858142357%2C8891834203%2C1653077832%2C889490640X%2C8832860562,https://www.anobii.com/books/una-piu-uno/9788852069611/01bf2d2c0e82b39d18,http://www.yes24.com/Product/Goods/15259549,http://book.naver.com/bookdb/book_detail.naver?bid=8401099
50,허니문 인 파리,Honeymoon Inn Paris,9788952231833.0,조조 모예스,Jojo Moyes,56.0,11.0,82.0,https://www.amazon.com/Honeymoon-in-Paris/dp/140592330X/ref=sr_1_1?crid=25A4UFOVX1DQG&keywords=jojo+moyes+honeymoon+in+paris&qid=1640809323&s=digital-text&sprefix=Jojo+Moyes+hon%2Cdigital-text%2C143&sr=1-1-catcorr,https://www.goodreads.com/book/show/15837724-honeymoon-in-paris,https://www.amazon.it/Luna-miele-Parigi-Jojo-Moyes/dp/8804636033/ref=sr_1_3?__mk_it_IT=ÅMÅŽÕÑ&crid=1L8B8YG7ZDYW2&keywords=La+ragazza+che+hai+lasciato&qid=1640809488&s=books&sprefix=la+ragazza+che+hai+lasciato%2Cstripbooks%2C63&sr=1-3,https://www.anobii.com/books/luna-di-miele-a-parigi/9788804636038/01e0ad6f3cbb152450,http://www.yes24.com/Product/Goods/19830903,http://book.naver.com/bookdb/book_detail.naver?bid=9428030
51,당신이 남겨두고 간 소녀,Girl livering you leave,9788952233332.0,조조 모예스,Jojo Moyes,41.0,32.0,82.0,https://www.amazon.com/Girl-You-Left-Behind/dp/0718157842/,https://www.goodreads.com/book/show/18693627-the-girl-you-left-behind,https://www.amazon.it/ragazza-che-hai-lasciato/dp/8804638370/ref=sr_1_2?__mk_it_IT=ÅMÅŽÕÑ&crid=1L8B8YG7ZDYW2&keywords=La+ragazza+che+hai+lasciato&qid=1640809488&s=books&sprefix=la+ragazza+che+hai+lasciato%2Cstripbooks%2C63&sr=1-2,https://www.anobii.com/books/la-ragazza-che-hai-lasciato/9788804638377/0128d2d77b9be9c7f5,http://www.yes24.com/Product/Goods/24909329,http://book.naver.com/bookdb/book_detail.naver?bid=10370214
52,더 라스트 레터,The Last Letter,9788952234247.0,조조 모예스,Jojo Moyes,59.0,18.0,49.0,https://www.amazon.com/Last-Letter-Your-Lover/dp/0143121103/,https://www.goodreads.com/book/show/12986521-the-last-letter-from-your-lover,https://www.amazon.it/Lultima-lettera-damore-Jojo-Moyes/dp/8804741074/ref=sr_1_1?__mk_it_IT=ÅMÅŽÕÑ&keywords=L%27ultima+lettera+d%27amore&qid=1640809652&s=books&sr=1-1,https://www.anobii.com/books/l-ultima-lettera-d-amore/9788861922211/019e81ed3223179ac0,http://www.yes24.com/Product/Goods/29423929,http://book.naver.com/bookdb/book_detail.naver?bid=10834379
53,스틸 미 Still Me,Steel Me Still Me,9788952240194.0,조조 모예스,Jojo Moyes,30.0,24.0,39.0,https://www.amazon.com/gp/product/039956246X/,https://www.goodreads.com/book/show/41839602-still-me,https://www.amazon.it/Sono-sempre-io-Jojo-Moyes/dp/8804707593/ref=sr_1_1?keywords=Sono+sempre+io&qid=1636514748&qsid=260-7043333-5119002&s=books&sr=1-1&sres=8804707593%2C8804676698%2C8820072580%2C8865321512%2C8804734183%2CB08P8QK753%2C8865267712%2C8861894003%2C8804703911%2C8820069407%2CB09919C92S%2CB084DGW931%2C8893080672%2C8893880105%2C8858021673%2C8899741212&srpt=ABIS_EBOOKS,https://www.anobii.com/books/sono-sempre-io/9788804707592/01175033a038839a5f,http://www.yes24.com/Product/Goods/69052938,http://book.naver.com/bookdb/book_detail.naver?bid=14466437
54,지구 속 여행,Travel in the Earth,9788970635446.0,쥘 베른,Jules Verne,27.0,2.0,55.0,https://www.amazon.com/gp/product/B074W95Z2Y/ref=dbs_a_def_rwt_hsch_vapi_tkin_p1_i1,https://www.goodreads.com/book/show/32829.Journey_to_the_Center_of_the_Earth,https://www.amazon.it/Viaggio-al-centro-della-Terra/dp/8809779835/ref=sr_1_6?__mk_it_IT=ÅMÅŽÕÑ&crid=22HDNYVPLWRM2&keywords=Viaggio+al+centro+della+terra&qid=1640810060&s=books&sprefix=viaggio+al+centro+della+terra%2Cstripbooks%2C66&sr=1-6,https://www.anobii.com/books/viaggio-al-centro-della-terra/01554cb6af75f26851,http://www.yes24.com/Product/Goods/2497086,http://book.naver.com/bookdb/book_detail.naver?bid=2748508
55,해저 2만리,2 million seabed,9788972883548.0,쥘 베른,Jules Verne,19.0,13.0,39.0,https://www.amazon.com/gp/product/B09G6XLN6V/ref=dbs_a_def_rwt_hsch_vapi_tkin_p1_i8,https://www.goodreads.com/book/show/15762322-20-000-leagues-under-the-sea-and-other-classic-novels,https://www.amazon.it/Ventimila-leghe-sotto-i-mari/dp/8807902907/ref=sr_1_1?keywords=Ventimila+leghe+sotto+i+mari&qid=1636516231&qsid=260-7043333-5119002&s=books&sr=1-1&sres=8807902907%2C8854180858%2C8893081067%2C888337164X%2C8854035564%2C8856603276%2C8847730783%2C8851177635%2C8804565853%2C8847736676%2C8883376293%2C8899010765%2CB00ZNKE76K%2C8856682192%2C8865513497%2C8846834550&srpt=ABIS_BOOK,https://www.anobii.com/books/ventimila-leghe-sotto-i-mari/01cafdf091f845181d,http://www.yes24.com/Product/Goods/3510660,http://book.naver.com/bookdb/book_detail.naver?bid=6060892
56,삼체,Three,9788954430074.0,류츠신,Liu Cixin,62.0,43.0,72.0,https://www.amazon.com/gp/product/0765377063/,https://www.goodreads.com/book/show/20518872-the-three-body-problem,https://www.amazon.it/problema-dei-tre-corpi/dp/8804680601/ref=sr_1_1?__mk_it_IT=ÅMÅŽÕÑ&crid=15XQH7UEVTZEH&keywords=liu+cixin&qid=1640810206&s=books&sprefix=liu+cixin%2Cstripbooks%2C85&sr=1-1,https://www.anobii.com/books/il-problema-dei-tre-corpi/9788804680604/01a2682f7e033e0b47,http://www.yes24.com/Product/Goods/10989926,http://book.naver.com/bookdb/book_detail.naver?bid=7301452
57,시녀 이야기,Maid story,9791158883843.0,마거릿 애트우드,Margaret Atwood,48.0,112.0,112.0,https://www.amazon.com/handmaids-tale-Margaret-Atwood/dp/0099740915/,https://www.goodreads.com/book/show/38447.The_Handmaid_s_Tale,https://www.amazon.it/racconto-dellancella-Margaret-Atwood/dp/8833312259/ref=sr_1_1?keywords=Il+racconto+dell%27ancella&qid=1636516412&qsid=260-7043333-5119002&s=books&sr=1-1&sres=8833312259%2C8833315150%2C6202949422%2C8833312410%2C8833311325%2C8828203617%2C0099740915%2C8899253501%2CB09CRNHVZB%2C8830901628%2C1521893675%2C1646081528%2CB09J56XZVG%2C8804666854%2CB0991DQ56W%2C1943149380&srpt=ABIS_BOOK,https://www.anobii.com/books/il-racconto-dell-ancella/01bdb4a31a8e2f564f,http://www.yes24.com/Product/Goods/60564121,http://book.naver.com/bookdb/book_detail.naver?bid=13561440
58,증언들,Testimony,9791158886134.0,마거릿 애트우드,Margaret Atwood,39.0,27.0,58.0,https://www.amazon.com/Testaments-WINNER-BOOKER-PRIZE-2019/dp/1784708216/,https://www.goodreads.com/book/show/42975172-the-testaments,https://www.amazon.it/I-testamenti-Margaret-Atwood/dp/8833312410/ref=sr_1_1?keywords=I+testamenti&qid=1636516398&qsid=260-7043333-5119002&s=books&sr=1-1&sres=8833312410%2C8848323413%2C8830216070%2C8893625008%2C8891426199%2C8848323820%2C8848323847%2C8832852713%2C889142739X%2C8891427810%2C8848323928%2C8830205230%2C8891422622%2C8893625059%2C8809904222%2C8848323715&srpt=ABIS_BOOK,https://www.anobii.com/books/i-testamenti/9788833312415/01347858c32e3d614b,http://www.yes24.com/Product/Goods/85578343,http://book.naver.com/bookdb/book_detail.naver?bid=16030804
59,도둑 신부 1,Thieves Bride 1,9788937490446.0,마거릿 애트우드,Margaret Atwood,51.0,0.0,52.0,https://www.amazon.com/Robber-Bride-Margaret-Atwood/dp/1853817228/,https://www.goodreads.com/book/show/17650.The_Robber_Bride,https://www.amazon.it/donna-che-rubava-mariti/dp/8880894986/ref=sr_1_1?__mk_it_IT=ÅMÅŽÕÑ&keywords=La+donna+che+rubava+i+mariti&qid=1640811199&s=books&sr=1-1,https://www.anobii.com/books/la-donna-che-rubava-i-mariti/9788880894988/011420bbb5fa3df6b8,http://www.yes24.com/Product/Goods/5078404,http://book.naver.com/bookdb/book_detail.naver?bid=6627566
60,글쓰기에 대하여,About writing,9791189336325.0,마거릿 애트우드,Margaret Atwood,14.0,19.0,38.0,https://www.amazon.com/gp/product/1844080277/,https://www.goodreads.com/book/show/17647.Negotiating_with_the_Dead,https://www.amazon.it/Negoziando-ombre-Margaret-Atwood/dp/8879285556/ref=sr_1_1?__mk_it_IT=ÅMÅŽÕÑ&keywords=Negoziando+con+le+ombre&qid=1640811357&s=books&sr=1-1,https://www.anobii.com/books/negoziando-con-le-ombre/9788879285551/017ca0ed738405a84b,http://www.yes24.com/Product/Goods/97559677,http://book.naver.com/bookdb/book_detail.naver?bid=18004710
61,그레이스,Grace,9788937434631.0,마거릿 애트우드,Margaret Atwood,17.0,22.0,33.0,https://www.amazon.com/gp/product/0385475713/,https://www.goodreads.com/book/show/72579.Alias_Grace,https://www.amazon.it/Laltra-Grace-Margaret-Atwood/dp/8868337371/ref=sr_1_1?keywords=L%27altra+Grace&qid=1636516433&qsid=260-7043333-5119002&s=books&sr=1-1&sres=8868337371%2C8880896679%2C8833312410%2CB00KCM2OM8%2C8833311325%2C8833315150%2CB07B4KW68K%2CB08NZVF8LR%2C8862201273%2C1860492592%2CB005SZ4ARQ%2CB01N0NDQ2S%2C8817104922%2CB098749LQ9%2CB07BS34J73%2CB08Y6PHFGH&srpt=ABIS_BOOK,https://www.anobii.com/books/l-altra-grace/9788880896678/015e10485e0702569c,http://www.yes24.com/Product/Goods/55245370,http://book.naver.com/bookdb/book_detail.naver?bid=12692102
62,도덕적 혼란,Moral confusion,9788937413285.0,마거릿 애트우드,Margaret Atwood,11.0,25.0,32.0,https://www.amazon.com/Moral-Disorder-Stories-Margaret-Atwood/dp/0385721641/ref=tmm_pap_swatch_0?_encoding=UTF8&qid=1640811535&sr=8-1,https://www.goodreads.com/book/show/17644.Moral_Disorder_and_Other_Stories,https://www.amazon.it/Disordine-morale-Margaret-Atwood/dp/8879288997/ref=sr_1_1?keywords=Disordine+morale&qid=1640811657&s=books&sr=1-1,https://www.anobii.com/books/disordine-morale/9788879288996/0198c892a91db9960f,http://www.yes24.com/Product/Goods/94882821,http://book.naver.com/bookdb/book_detail.naver?bid=17073693
63,블랙 에코,Black Eco,9788925539331.0,마이클 코넬리,Michael Connelly,24.0,1.0,64.0,https://www.amazon.com/Black-Echo-Michael-Connelly/dp/0446612731/,https://www.goodreads.com/book/show/32508.The_Black_Echo,https://www.amazon.it/memoria-del-topo-Michael-Connelly/dp/8868366452/ref=sr_1_1?keywords=La+memoria+del+topo&qid=1636516854&qsid=260-7043333-5119002&s=books&sr=1-1&sres=8868366452%2C8868366908%2C8838941920%2C8830609684%2C8838941661%2CB096HPHPZH%2C8822752317%2C8806219715%2C0006540279%2C8804732261%2C8850248636%2CB091W9M6BT%2C8820072084%2C8833800997%2C8838940959%2C1980985456&srpt=ABIS_BOOK,https://www.anobii.com/books/la-memoria-del-topo/9788871333816/01eac06ebec590c722,http://www.yes24.com/Product/Goods/3956323,http://book.naver.com/bookdb/book_detail.naver?bid=6311458
64,블러드 워크,Bloodwork,9788925534770.0,마이클 코넬리,Michael Connelly,24.0,0.0,60.0,https://www.amazon.com/Blood-Work-Michael-Connelly/dp/0446690449/,https://www.goodreads.com/book/show/32504.Blood_Work,https://www.amazon.it/Debito-sangue-Michael-Connelly/dp/8868366932/ref=sr_1_1?keywords=Debito+di+sangue&qid=1636516673&qsid=260-7043333-5119002&s=books&sr=1-1&sres=8868366932%2C8892760815%2C8869057836%2C889572464X%2CB00ACH90XE%2CB00J2FFCRA%2C8838493774%2CB08S27PCR8%2C8833800253%2CB086ZF31T1%2C8856672952%2C1478948329%2C8868366924%2C8868366452%2C8868366150%2CB08TMDW89F,https://www.anobii.com/books/debito-di-sangue/01c802b84f74371e55,http://www.yes24.com/Product/Goods/3591530,http://book.naver.com/bookdb/book_detail.naver?bid=6111257
65,실종,missing,9788925532943.0,마이클 코넬리,Michael Connelly,27.0,3.0,55.0,https://www.amazon.com/Chasing-Dime-Michael-Connelly/dp/044661162X/,https://www.goodreads.com/book/show/32507.Chasing_the_Dime,https://www.amazon.it/Utente-sconosciuto-Michael-Connelly/dp/8868367343,https://www.anobii.com/books/utente-sconosciuto/9788838473715/0171722a41fe67d809,http://www.yes24.com/Product/Goods/3413910,http://book.naver.com/bookdb/book_detail.naver?bid=6025226
66,드롭：위기의 남자,Drop: Crisis man,9788925563343.0,마이클 코넬리,Michael Connelly,36.0,20.0,41.0,https://www.amazon.com/Drop-Michael-Connelly/dp/0316069418/,https://www.goodreads.com/book/show/11082037-the-drop,https://www.amazon.it/caduta-Albert-Camus/dp/8845299716/ref=sr_1_1?keywords=La+caduta&qid=1636516811&qsid=260-7043333-5119002&s=books&sr=1-1&sres=8845299716%2C8899912262%2CB00OMF8PK6%2C8833801705%2C8845298973%2C8806246232%2C8834736818%2C8868773449%2C8874527047%2CB095MLNWPR%2C8849864426%2C8811819768%2C8804721081%2C8811815401%2C8832851741%2C8855449834,https://www.anobii.com/books/la-caduta/9788856621303/01eebf04f100b4734a,http://www.yes24.com/Product/Goods/59226653,http://book.naver.com/bookdb/book_detail.naver?bid=13415593
67,배심원단,Jury,9788925568966.0,마이클 코넬리,Michael Connelly,37.0,13.0,39.0,https://www.amazon.com/Gods-Guilt-Michael-Connelly/dp/0316069515/,https://www.goodreads.com/book/show/17333227-the-gods-of-guilt,https://www.amazon.it/della-colpa-thriller-Mickey-Haller-ebook/dp/B017IY2634/ref=sr_1_1?keywords=Il+Dio+della+colpa&qid=1636516714&qsid=260-7043333-5119002&s=books&sr=1-1&sres=B017IY2634%2CB08VY76SNP%2C8867766511%2C8804516267%2C8834604512%2CB08CGDP32C%2C1511800305%2CB08T43TD92%2C8810403118%2C8828731281%2C8817031429%2C8868366630%2CB09BR94RHR%2C8868368013%2CB08NR9QWN9%2CB08N3R7GSG&srpt=ABIS_BOOK,https://www.anobii.com/books/il-dio-della-colpa/9788868368210/010765beeb4fc71e40,http://www.yes24.com/Product/Goods/89555180,http://book.naver.com/bookdb/book_detail.naver?bid=16294376
68,파기환송,Destruction,9788925558363.0,마이클 코넬리,Michael Connelly,11.0,12.0,39.0,https://www.amazon.com/Reversal-Michael-Connelly/dp/0316069485/,https://www.goodreads.com/book/show/7936809-the-reversal,https://www.amazon.it/svolta-thriller-Harry-Mickey-Haller-ebook/dp/B00A6L3IRK/ref=sr_1_1?keywords=La+svolta&qid=1636516903&qsid=260-7043333-5119002&s=books&sr=1-1&sres=B00A6L3IRK%2C8807091542%2C8869962385%2C8848132960%2C8858143140%2C8862507755%2C8892141457%2CB09KN9YKZH%2C889385256X%2CB09BSZXXKQ%2CB08V96GB8S%2C8842404926%2C883622282X%2C884240490X%2C8893851962%2C8821452263&srpt=ABIS_BOOK,https://www.anobii.com/books/la-svolta/9788866216223/01ea8ee0adaaa76f3d,http://www.yes24.com/Product/Goods/24521689,http://book.naver.com/bookdb/book_detail.naver?bid=10263904
69,나인 드래곤,Nine Dragon,9788925556703.0,마이클 코넬리,Michael Connelly,27.0,8.0,34.0,https://www.amazon.com/Nine-Dragons-Michael-Connelly/dp/0316166316/,https://www.goodreads.com/book/show/6413193-nine-dragons,https://www.amazon.it/respiro-del-drago-Michael-Connelly/dp/8868367327/ref=sr_1_1?keywords=Il+respiro+del+drago&qid=1636516776&qsid=260-7043333-5119002&s=books&sr=1-1&sres=8868367327%2CB082KHXSPM%2C8804465077%2C1950280535%2C8836200532%2C8832902184%2CB09DM8YV6Z%2CB09CGGV987%2C8868368226%2C8868368374%2C8868366630%2C886836736X%2C8868367351%2C8874021305%2CB0778M41BK%2C8806222325,https://www.anobii.com/books/il-respiro-del-drago/9788868367329/01265a88a4a93905a9,http://www.yes24.com/Product/Goods/18820340,http://book.naver.com/bookdb/book_detail.naver?bid=9204450
70,보이드 문,Boyd door,9788925550268.0,마이클 코넬리,Michael Connelly,14.0,2.0,33.0,https://www.amazon.com/Void-Moon-Michael-Connelly/dp/0446694258,https://www.goodreads.com/book/show/84786.Void_Moon,https://www.amazon.it/Vuoto-luna-Michael-Connelly/dp/8868366916/ref=sr_1_1?keywords=Vuoto+di+luna&qid=1636516947&qsid=260-7043333-5119002&s=books&sr=1-1&sres=8868366916%2C883846300X%2CB08LS2P429%2C8859001625%2C885901235X%2C8859018021%2C8879843257%2C8842820342%2C8859015383%2C8859009766%2C8859013917%2C8859019257%2CB09FS72TJ6%2C1793219168%2CB08LRND3TH%2C8859013496,https://www.anobii.com/books/vuoto-di-luna/01457daf836ba4bf9a,http://www.yes24.com/Product/Goods/8698379,http://book.naver.com/bookdb/book_detail.naver?bid=7181190
71,베오울프,Beowolf,9788992055147.0,닐 게이먼,Neil Gaiman,15.0,0.0,69.0,https://www.amazon.com/Beowulf-Script-Book-Neil-Gaiman/dp/0061350168/,https://www.goodreads.com/book/show/291858.Beowulf,https://www.amazon.it/Beowulf-Script-Book-Neil-Gaiman/dp/0061350168,https://www.anobii.com/books/beowulf/9788863310276/01702412e7afa11eb0,http://www.yes24.com/Product/Goods/2744500,http://book.naver.com/bookdb/book_detail.naver?bid=3292135
72,스타더스트,Starter,9788901068695.0,닐 게이먼,Neil Gaiman,65.0,0.0,60.0,https://www.amazon.com/Stardust-Neil-Gaiman/dp/0061142026/,https://www.goodreads.com/book/show/16793.Stardust,https://www.amazon.it/Stardust-Neil-Gaiman/dp/8804547103/ref=sr_1_1?keywords=Stardust&qid=1636517840&qsid=260-7043333-5119002&s=books&sr=1-1&sres=8804547103%2C0755322827%2C156389470X%2C8832753782%2C1536202657%2CB08R92BXY1%2C0425127230%2CB091LCV1BV%2C1401287840%2C886420086X%2C8864200975%2C8864201009%2C8864200886%2C1789097673%2C8864201300%2C1421591693&srpt=ABIS_BOOK,https://www.anobii.com/books/stardust/9788852056383/017c890fddee2958a6,http://www.yes24.com/Product/Goods/2655905,http://book.naver.com/bookdb/book_detail.naver?bid=3008778
73,북유럽 신화,Nordic mythology,9791158511180.0,닐 게이먼,Neil Gaiman,35.0,18.0,47.0,https://www.amazon.com/Norse-Mythology-Neil-Gaiman/dp/039360909X,https://www.goodreads.com/book/show/37903770-norse-mythology,https://www.amazon.it/Miti-del-Nord-Neil-Gaiman/dp/8804718072,https://www.anobii.com/books/miti-del-nord/9788852090400/01055f130f8e61eaba,http://www.yes24.com/Product/Goods/69659075,http://book.naver.com/bookdb/book_detail.naver?bid=14532348
74,인터월드,Inter World,9788983091079.0,닐 게이먼,Neil Gaiman,34.0,0.0,40.0,https://www.amazon.com/Interworld-Neil-Gaiman/dp/0061238961,https://www.goodreads.com/book/show/47701.InterWorld,https://www.amazon.it/ragazzo-mondi-infiniti-Grandi-Italian-ebook/dp/B00606TW3O/,https://www.anobii.com/books/il-ragazzo-dei-mondi-infiniti/9788804613336/011a73d6f08dc54488,http://www.yes24.com/Product/Goods/3368800,http://book.naver.com/bookdb/book_detail.naver?bid=6010116
75,황금나침반 세트,Golden or invasion set,9788934927198.0,필립 풀먼,Philip Pullman,5.0,0.0,105.0,https://www.amazon.com/His-Dark-Materials-Compass-Spyglass/dp/0440238609/,https://www.goodreads.com/book/show/18116.His_Dark_Materials,https://www.amazon.it/Queste-materie-trilogia-completa-sottile/dp/8884519861/,https://www.anobii.com/books/queste-oscure-materie/9788884519863/0102571cb768880e40,http://www.yes24.com/Product/Goods/2753361,http://book.naver.com/bookdb/book_detail.naver?bid=3350891
76,아이 엠 넘버 포,IMM number,9788933830468.0,피타커스 로어,Pittacus Lore,107.0,5.0,146.0,https://www.amazon.com/Am-Number-Four-Pittacus-Lore/dp/0061969559,https://www.goodreads.com/book/show/7747374-i-am-number-four,https://www.amazon.it/Sono-Numero-Quattro-Lorien-Legacies-ebook/dp/B0064BVWMY/ref=sr_1_1?keywords=Sono+il+numero+quattro&qid=1636518246&qsid=260-7043333-5119002&s=books&sr=1-1&sres=B0064BVWMY%2C8850232594%2C8850245661%2CB01N6GVLDN%2CB00J32UXFI%2CB00E3S0ZSC%2CB099TG6HPS%2CB08JLHQFG7%2C0718189051%2CB08VBH5NYQ%2CB08W7DMTQD%2CB01M32CDA8%2CB08FHSG7K5%2CB09F8QPB4X%2CB09JCGWQXF%2CB09KGQDDF1&srpt=ABIS_EBOOKS,https://www.anobii.com/books/sono-il-numero-quattro/9788850228362/0168ff17cd1f1a896c,http://www.yes24.com/Product/Goods/4509964,http://book.naver.com/bookdb/book_detail.naver?bid=6444635
77,페러그린과 이상한 아이들의 집,Ferrar Green and Strange Children's House,9788993094558.0,랜섬 릭스,Ransom Riggs,63.0,57.0,95.0,https://www.amazon.com/Miss-Peregrines-home-peculiar-children/dp/1594746036/,https://www.goodreads.com/book/show/9460487-miss-peregrine-s-home-for-peculiar-children,https://www.amazon.it/casa-ragazzi-speciali-Miss-Peregrine/dp/881709546X,https://www.anobii.com/books/la-casa-per-bambini-speciali-di-miss-peregrine/9788858618844/01ce769e52f118f806,http://www.yes24.com/Product/Goods/5996323,http://book.naver.com/bookdb/book_detail.naver?bid=6780345
78,할로우 시티,Hollow City,9788993094916.0,랜섬 릭스,Ransom Riggs,15.0,23.0,31.0,https://www.amazon.com/Hollow-city-Peregrines-Peculiar-Children/dp/1594747350/,https://www.goodreads.com/book/show/23164983-hollow-city,https://www.amazon.it/Hollow-secondo-Peregrine-ragazzi-speciali/dp/8817095478,https://www.amazon.it/Hollow-secondo-Peregrine-ragazzi-speciali/dp/8817090026/ref=sr_1_1?keywords=Hollow+City&qid=1636518283&qsid=260-7043333-5119002&s=books&sr=1-1&sres=8817090026%2C8817109851%2C1594747350%2C0316306797%2C0578950030%2C1690787562%2C1859843638%2C194989150X%2C1530916135%2C201701009X%2C8817095486%2C0999673408%2C8817142735%2C0141385928%2C0241320917%2C1594748381&srpt=ABIS_BOOK,http://www.yes24.com/Product/Goods/14865536,http://book.naver.com/bookdb/book_detail.naver?bid=8283974
79,영혼의 도서관,Library,9788993094770.0,랜섬 릭스,Ransom Riggs,17.0,18.0,30.0,https://www.amazon.com/Library-souls-Peregrines-Peculiar-Children/dp/1594749310/,https://www.goodreads.com/book/show/41044147-library-of-souls,https://www.amazon.it/biblioteca-anime-Peregrine-ragazzi-speciali/dp/8817095486,https://www.anobii.com/books/la-biblioteca-delle-anime/9788817090032/0113683c74e580a575,http://www.yes24.com/Product/Goods/30574344,http://book.naver.com/bookdb/book_detail.naver?bid=10965280
80,화씨 451,Fahrenheit 451,9788982739088.0,레이 브래드버리,Ray Bradbury,20.0,95.0,105.0,https://www.amazon.com/gp/product/B0064CPN7I/,https://www.goodreads.com/book/show/13079982-fahrenheit-451,https://www.amazon.it/Fahrenheit-451-Ray-Bradbury/dp/8804665297/ref=sr_1_1?keywords=Fahrenheit+451&qid=1636518507&qsid=260-7043333-5119002&s=books&sr=1-1&sres=8804665297%2C8804663057%2C0006546064%2C880470120X%2C1451690312%2C2806272785%2C1644730537%2C8491216480%2C3257261047%2C8804320257%2C8899791015%2C8861920004%2C3453319834%2C8804720816%2C8804483474%2C8499895581&srpt=ABIS_BOOK,https://www.anobii.com/books/fahrenheit-451/01a3dc89f9fc2f0fc7,http://www.yes24.com/Product/Goods/3315954,http://book.naver.com/bookdb/book_detail.naver?bid=5971058
81,기상천외한 헨리슈거 이야기,Henry Sugar Story,9788982180903.0,로알드 달,Roald Dahl,8.0,0.0,54.0,https://www.amazon.com/Wonderful-Story-Henry-Sugar-More/dp/0060536241/,https://www.goodreads.com/book/show/24943.The_Wonderful_Story_of_Henry_Sugar,https://www.amazon.it/gioco-ragazzi-altre-storie/dp/8869187373,https://www.anobii.com/books/un-gioco-da-ragazzi-e-altre-storie/9788884510556/012351793a720f3c01,http://www.yes24.com/Product/Goods/2144974,http://book.naver.com/bookdb/book_detail.naver?bid=2515615
82,멋진 여우 씨,A wonderful fox,9788984142763.0,로알드 달,Roald Dahl,29.0,51.0,37.0,https://www.amazon.com/Fantastic-Mr-Fox-Roald-Dahl/dp/0375822070/,https://www.goodreads.com/book/show/6693.Fantastic_Mr_Fox,https://www.amazon.it/Furbo-signor-Volpe-Roald-Dahl/dp/8869187365/ref=sr_1_1?keywords=Furbo%2C+il+signor+Volpe&qid=1636518851&qsid=260-7043333-5119002&s=books&sr=1-1&sres=8869187365%2C8869187802%2C8869188728%2C8869188760%2C886918871X%2C8867451162%2C8869186350%2C8869186369%2CB08CM316Z8%2CB0161N4VWC%2C888203951X&srpt=ABIS_BOOK,https://www.anobii.com/books/furbo-il-signor-volpe/0140579c2eb3a06fcf,http://www.yes24.com/Product/Goods/37100329,http://book.naver.com/bookdb/book_detail.naver?bid=11771296
83,마틸다,Mate,9788952787330.0,로알드 달,Roald Dahl,25.0,80.0,36.0,https://www.amazon.com/Matilda-Roald-Dahl/dp/0141301066/,https://www.goodreads.com/book/show/39988.Matilda,https://www.amazon.it/Matilde-Roald-Dahl/dp/8869187330/ref=sr_1_1?keywords=Matilde&qid=1636519102&qsid=260-7043333-5119002&s=books&sr=1-1&sres=8869187330%2C3981873459%2C8869451410%2C848464295X%2CB08LNN5FXK%2CB09HG2V3F9%2C1089439695%2C8868368498%2C8856642670%2C8815238719%2CB08P2C6FY9%2C888765543X%2C8831000365%2C8894858200%2C0142410373%2CB093B23G6P&srpt=ABIS_BOOK,https://www.anobii.com/books/matilde/9788845134364/016e7c5302159ad325,http://www.yes24.com/Product/Goods/64372090,http://book.naver.com/bookdb/book_detail.naver?bid=13995199
84,나의 삼촌 오스왈드,My uncle Oswald,9788982181320.0,로알드 달,Roald Dahl,4.0,0.0,32.0,https://www.amazon.com/My-Uncle-Oswald-Expect-Unexpected/dp/0241955769,https://www.goodreads.com/book/show/6691.My_Uncle_Oswald,https://www.amazon.it/Lo-zio-Oswald-Roald-Dahl/dp/8850238053,https://www.anobii.com/books/lo-zio-oswald/9788830438897/016fcc8103942d50be,http://www.yes24.com/Product/Goods/3433265,http://book.naver.com/bookdb/book_detail.naver?bid=6034299
85,미스터 메르세데스,Mr. Mercedes,9788960176751.0,스티븐 킹,Stephen King,83.0,365.0,178.0,https://www.amazon.com/Mr-Mercedes-Stephen-King/dp/1476754454/,https://www.goodreads.com/book/show/18775247-mr-mercedes,https://www.amazon.it/Mr-Mercedes-Stephen-King/dp/8868363399/ref=sr_1_1?keywords=Mr+Mercedes&qid=1636519764&qsid=260-7043333-5119002&s=books&sr=1-1&sres=8868363399%2C1444788647%2C3453438469%2C2253132942%2C1501142062%2C198489868X%2C8556510027%2C6067581795%2C886836347X%2C8868363992%2C3453441397%2C1529365724%2C1529391539%2C9021023288%2C1797135007%2C1982182059&srpt=ABIS_BOOK,https://www.anobii.com/books/mr-mercedes/9788820057190/01e4c8f94fe2ddd720,http://www.yes24.com/Product/Goods/19347641,http://book.naver.com/bookdb/book_detail.naver?bid=9330564
86,유혹하는 글쓰기,Writing,9788934977322.0,스티븐 킹,Stephen King,25.0,37.0,142.0,https://www.amazon.com/Writing-Memoir-Craft-Stephen-King/dp/0743455967/,https://www.goodreads.com/book/show/10569.On_Writing,https://www.amazon.it/Writing-Autobiografia-mestiere-Stephen-King-ebook/dp/B08X7HS2B4,https://www.anobii.com/books/on-writing/9788820031015/01a753734af595c860,http://www.yes24.com/Product/Goods/57665154,http://book.naver.com/bookdb/book_detail.naver?bid=12897422
87,별도 없는 한밤에,Unexpectedly,9788960175549.0,스티븐 킹,Stephen King,58.0,158.0,109.0,https://www.amazon.com/Full-dark-stars-Stephen-King/dp/144471256X/,https://www.goodreads.com/book/show/7912007-full-dark-no-stars,https://www.amazon.it/Notte-buia-niente-stelle-Stephen/dp/8868362600,https://www.anobii.com/books/notte-buia-niente-stelle/9788866215035/01f8cf27487b60fc50,http://www.yes24.com/Product/Goods/20244384,http://book.naver.com/bookdb/book_detail.naver?bid=9553847
88,스켈레톤 크루 (상),Skeleton Crew (Phase),9788982739859.0,스티븐 킹,Stephen King,18.0,3.0,106.0,https://www.amazon.com/Skeleton-Crew-Stephen-King/dp/0751504386/,https://www.goodreads.com/book/show/13440.Skeleton_Crew,https://www.amazon.it/Scheletri-Stephen-King/dp/8868362511,https://www.anobii.com/books/scheletri/9788860614834/016f72a9674d4447f4,http://www.yes24.com/Product/Goods/2106834,http://book.naver.com/bookdb/book_detail.naver?bid=2483726
89,파인더스 키퍼스,Finderskinipers,9791158881344.0,스티븐 킹,Stephen King,42.0,288.0,84.0,https://www.amazon.com/Finders-Keepers-Stephen-King/dp/1501100076/,https://www.goodreads.com/book/show/23492589-finders-keepers,https://www.amazon.it/Chi-perde-paga-Stephen-King/dp/886836347X,https://www.anobii.com/books/chi-perde-paga/9788868363475/01a906463ee6fc0616,http://www.yes24.com/Product/Goods/29174968,http://book.naver.com/bookdb/book_detail.naver?bid=10768849
90,11/22/63 1,11/22/63 1,9788960174634.0,스티븐 킹,Stephen King,36.0,4.0,78.0,https://www.amazon.com/11-22-63-Stephen-King/dp/1451627289/,https://www.goodreads.com/book/show/10644930-11-22-63,https://www.amazon.it/22-11-63-Stephen-King/dp/8868362066,https://www.anobii.com/books/22-11-63/9788868362065/017a9d78e854114ff3,http://www.yes24.com/Product/Goods/7945655,http://book.naver.com/bookdb/book_detail.naver?bid=7043117
91,엔드 오브 왓치,End of Watch,9791158882969.0,스티븐 킹,Stephen King,54.0,243.0,64.0,https://www.amazon.com/End-Watch-Stephen-King/dp/1501129740/,https://www.goodreads.com/book/show/25526965-end-of-watch,https://www.amazon.it/Fine-turno-Stephen-King/dp/8868363992/,https://www.anobii.com/books/fine-turno/9788820095550/0179d034deb8ea065d,http://www.yes24.com/Product/Goods/43862362,http://book.naver.com/bookdb/book_detail.naver?bid=12254299
92,닥터 슬립 1,Doctor Slip 1,9788960178755.0,스티븐 킹,Stephen King,27.0,4.0,57.0,https://www.amazon.com/Doctor-Sleep-Stephen-King/dp/1476727651/,https://www.goodreads.com/book/show/16130549-doctor-sleep,https://www.amazon.it/Doctor-Sleep-Ediz-italiana-Stephen/dp/8820068419,https://www.anobii.com/books/doctor-sleep/9788820092665/01bafd4642e85de028,http://www.yes24.com/Product/Goods/13712142,http://book.naver.com/bookdb/book_detail.naver?bid=7820937
93,리바이벌,Rebull,9791158882174.0,스티븐 킹,Stephen King,26.0,358.0,53.0,https://www.amazon.com/Revival-Stephen-King/dp/1476770387/,https://www.goodreads.com/book/show/20926278-revival,https://www.amazon.it/Revival-versione-italiana-Stephen-King-ebook/dp/B06XS7F4BG,https://www.anobii.com/books/revival/9788868363598/01c9f3fa26a774b4c7,http://www.yes24.com/Product/Goods/34838908,http://book.naver.com/bookdb/book_detail.naver?bid=11463817
94,조이랜드,Joe Land,9788960178335.0,스티븐 킹,Stephen King,18.0,2.0,50.0,https://www.amazon.com/Joyland-Stephen-King/dp/1781162646/,https://www.goodreads.com/book/show/13596166-joyland,https://www.amazon.it/Joyland-Stephen-King/dp/8868363097/,https://www.anobii.com/books/joyland/9788820054274/01c1b3739303d30ad6,http://www.yes24.com/Product/Goods/12191462,http://book.naver.com/bookdb/book_detail.naver?bid=7438048
95,롱 워크,Long work,9791158880262.0,스티븐 킹,Stephen King,13.0,202.0,50.0,https://www.amazon.com/gp/product/0451196716/,https://www.goodreads.com/book/show/9014.The_Long_Walk,https://www.amazon.it/lunga-marcia-Stephen-King/dp/886836123X,https://www.anobii.com/books/la-lunga-marcia/01ff1f831ef27050ea,http://www.yes24.com/Product/Goods/23021682,http://book.naver.com/bookdb/book_detail.naver?bid=9778676
96,언더 더 돔 1,Under Dome 1,9788994210674.0,스티븐 킹,Stephen King,31.0,0.0,46.0,https://www.amazon.com/Under-Dome-Stephen-King/dp/0340992581/,https://www.goodreads.com/book/show/6320534-under-the-dome,https://www.amazon.it/dome-Stephen-King/dp/8868360276,https://www.anobii.com/books/the-dome/9788868360276/01c07557353f6fa6be,http://www.yes24.com/Product/Goods/4456589,http://book.naver.com/bookdb/book_detail.naver?bid=6430108
97,톰 고든을 사랑한 소녀,Girl loving Tom Gordon,9788982738159.0,스티븐 킹,Stephen King,22.0,1.0,46.0,https://www.amazon.com/Girl-Who-Loved-Tom-Gordon/dp/1416524290/,https://www.goodreads.com/book/show/11564.The_Girl_Who_Loved_Tom_Gordon,https://www.amazon.it/bambina-che-amava-Tom-Gordon/dp/8868362422,https://www.anobii.com/books/la-bambina-che-amava-tom-gordon/9788820090630/0180f7ce8a8b50b9c2,http://www.yes24.com/Product/Goods/2177301,http://book.naver.com/bookdb/book_detail.naver?bid=2535291
98,애완동물 공동묘지 (상),Pet joint cemetery (phase),9788982738135.0,스티븐 킹,Stephen King,22.0,1.0,45.0,https://www.amazon.com/Pet-Sematary-Stephen-King-audiobook/dp/B0797HJX92,https://www.goodreads.com/book/show/33124137-pet-sematary,https://www.amazon.it/Sematary-Ediz-tie-Stephen-King/dp/8820067749/,https://www.anobii.com/books/pet-sematary/9788868361259/01e0cd1e9c5726f39a,http://www.yes24.com/Product/Goods/1948116,http://book.naver.com/bookdb/book_detail.naver?bid=2095095
99,셀 1,Cell 1,9788982739620.0,스티븐 킹,Stephen King,24.0,16.0,44.0,https://www.amazon.com/cell-Stephen-King/dp/1444707825/,https://www.goodreads.com/book/show/10567.Cell,https://www.amazon.it/Cell-versione-italiana-Super-bestseller-ebook/dp/B00D64U9LM,https://www.anobii.com/books/cell/9788860617040/016e1ca0d4e7834925,http://www.yes24.com/Product/Goods/2180305,http://book.naver.com/bookdb/book_detail.naver?bid=2538117
100,고도에서,At altitude,9791158885496.0,스티븐 킹,Stephen King,31.0,327.0,43.0,https://www.amazon.com/Elevation-Stephen-King/dp/1473691532/,https://www.goodreads.com/book/show/38355410-elevation,https://www.amazon.it/Elevation-Stephen-King/dp/8820066939,https://www.anobii.com/books/elevation/9788893427920/01ef59d63cf1000238,http://www.yes24.com/Product/Goods/83522393,http://book.naver.com/bookdb/book_detail.naver?bid=15811289
101,샤이닝 (상),Shining (award),9788982738029.0,스티븐 킹,Stephen King,16.0,6.0,41.0,https://www.amazon.com/Shining-Stephen-King/dp/0450040186/,https://www.goodreads.com/book/show/11588.The_Shining,https://www.amazon.it/Shining-edizione-italiana-Stephen-King-ebook/dp/B076129JM8,https://www.anobii.com/books/shining/9788845282096/0169cbac026382b6db,http://www.yes24.com/Product/Goods/413339,http://book.naver.com/bookdb/book_detail.naver?bid=135084
102,피가 흐르는 곳에,Where blood flows,9791158880729.0,스티븐 킹,Stephen King,51.0,8.0,36.0,https://www.amazon.com/If-Bleeds-Stephen-King/dp/1529391539/,https://www.goodreads.com/book/show/46015758-if-it-bleeds,https://www.amazon.it/Se-scorre-sangue-Stephen-King/dp/882006913X,https://www.anobii.com/books/se-scorre-il-sangue/9788820069131/010b0a7ba4ffd873c0,http://www.yes24.com/Product/Goods/103170110,http://book.naver.com/bookdb/book_detail.naver?bid=20845119
103,듀마 키 1,DuMaki 1,9788960171398.0,스티븐 킹,Stephen King,24.0,0.0,35.0,https://www.amazon.com/Duma-Key-Stephen-King/dp/1416552510/,https://www.goodreads.com/book/show/472343.Duma_Key,https://www.amazon.it/Duma-versione-italiana-Stephen-King-ebook/dp/B00H8DBNJO,https://www.anobii.com/books/duma-key/9788868360887/014c7c0585aa7da0d3,http://www.yes24.com/Product/Goods/3015463,http://book.naver.com/bookdb/book_detail.naver?bid=4680312
104,트와일라잇,Twilight,9788937832208.0,스테프니 메이어,Stephenie Meyer,199.0,14.0,643.0,https://www.amazon.com/Twilight-Stephenie-Meyer/dp/0316160172/,https://www.goodreads.com/book/show/41865.Twilight,https://www.amazon.it/Twilight-edizione-italiana-Vol-ebook/dp/B006FYKKVO,https://www.anobii.com/books/twilight/9781905654383/014cbcef2fec37e983,http://www.yes24.com/Product/Goods/3020469,http://book.naver.com/bookdb/book_detail.naver?bid=4685304
105,브레이킹 던,Braking,9788937832543.0,스테프니 메이어,Stephenie Meyer,116.0,4.0,342.0,https://www.amazon.com/Breaking-Dawn-Stephenie-Meyer/dp/031606792X/,https://www.goodreads.com/book/show/1162543.Breaking_Dawn,https://www.amazon.it/Breaking-dawn-Stephenie-Meyer/dp/8893250071,https://www.anobii.com/books/breaking-dawn/9788864113098/0105f81d219e9c2d0b,http://www.yes24.com/Product/Goods/3423888,http://book.naver.com/bookdb/book_detail.naver?bid=6030715
106,뉴문,New Moon,9788937832215.0,스테프니 메이어,Stephenie Meyer,104.0,5.0,332.0,https://www.amazon.com/New-Moon-2-Stephenie-Meyer/dp/1904233880/,https://www.goodreads.com/book/show/49041.New_Moon,https://www.amazon.it/New-moon-Stephenie-Meyer/dp/8893250195,https://www.anobii.com/books/new-moon/9788864115030/0104235728b13030bc,http://www.yes24.com/Product/Goods/3034049,http://book.naver.com/bookdb/book_detail.naver?bid=4712527
107,이클립스,Eclipse,9788937832468.0,스테프니 메이어,Stephenie Meyer,118.0,3.0,266.0,https://www.amazon.com/Eclipse-Stephenie-Meyer/dp/0316160202/,https://www.goodreads.com/book/show/428263.Eclipse,https://www.amazon.it/Eclipse-Twilight-edizione-italiana-Vol-ebook/dp/B006FYLFQI,https://www.anobii.com/books/eclipse/9788864115207/017725e3e1d0fefb31,http://www.yes24.com/Product/Goods/3210177,http://book.naver.com/bookdb/book_detail.naver?bid=5261869
108,호스트 The Host 1,Host the Host 1,9788925531465.0,스테프니 메이어,Stephenie Meyer,54.0,1.0,76.0,https://www.amazon.com/Host-Stephenie-Meyer/dp/0316043044/,https://www.goodreads.com/book/show/1656001.The_Host,https://www.amazon.it/Lospite-Stephenie-Meyer/dp/8817035572,https://www.anobii.com/books/l-ospite/9788846211484/0187b2af8334344eff,http://www.yes24.com/Product/Goods/3238193,http://book.naver.com/bookdb/book_detail.naver?bid=5303688
109,브리태너,Bri Tan,9788937832970.0,스테프니 메이어,Stephenie Meyer,32.0,4.0,72.0,https://www.amazon.com/Short-Second-Life-Bree-Tanner/dp/031612558X/,https://www.goodreads.com/book/show/7937462-the-short-second-life-of-bree-tanner,https://www.amazon.it/breve-seconda-vita-Bree-Tanner-ebook/dp/B006FYKJRO,https://www.anobii.com/books/la-breve-seconda-vita-di-bree-tanner/9788864113111/0108506babf9e9f507,http://www.yes24.com/Product/Goods/4070604,http://book.naver.com/bookdb/book_detail.naver?bid=6339534
110,미드나잇 선 1,Midnight Line 1,9791164137077.0,스테프니 메이어,Stephenie Meyer,36.0,56.0,34.0,https://www.amazon.com/Midnight-Sun-Stephenie-Meyer/dp/0349003637/,https://www.goodreads.com/book/show/4502877-midnight-sun-2008-draft,https://www.amazon.it/Midnight-sun-Stephenie-Meyer/dp/8893258315,https://www.anobii.com/books/midnight-sun/9788893258319/01a43f7bad78bec896,http://www.yes24.com/Product/Goods/96069908,http://book.naver.com/bookdb/book_detail.naver?bid=17597713
111,케미스트,Kemist,9788937842610.0,스테프니 메이어,Stephenie Meyer,39.0,8.0,33.0,https://www.amazon.com/Chemist-Stephenie-Meyer/dp/0316387878,https://www.goodreads.com/book/show/32940867-the-chemist,https://www.amazon.it/chemist-specialista-Stephenie-Meyer/dp/8817091839,https://www.anobii.com/books/the-chemist-la-specialista/9788817091831/01f92928c79e54b895,http://www.yes24.com/Product/Goods/43281973,http://book.naver.com/bookdb/book_detail.naver?bid=2670982
112,어스시의 마법사,Wizard,9788982731914.0,어슐러 K. 르 귄,Ursula K. Le Guin,22.0,7.0,132.0,https://www.amazon.com/Wizard-Earthsea-Ursula-K-Guin/dp/0553383043/,https://www.goodreads.com/book/show/13642.A_Wizard_of_Earthsea,https://www.amazon.it/mago-Ursula-K-Guin/dp/8804543108,https://www.anobii.com/books/il-mago/9788804463160/0109e451550ac4af60,http://www.yes24.com/Product/Goods/2125423,http://book.naver.com/bookdb/book_detail.naver?bid=2502345
113,기프트,Gift,9788952754486.0,어슐러 K. 르 귄,Ursula K. Le Guin,45.0,2.0,55.0,https://www.amazon.com/Gifts-Annals-Western-Shore-Book-ebook/dp/B003WJQ7F8,https://www.goodreads.com/book/show/13648.Gifts,https://www.amazon.it/I-doni-Ursula-K-Guin/dp/8842914355,https://www.anobii.com/books/i-doni/9788842914358/01f45883f92a4dc435,http://www.yes24.com/Product/Goods/3261424,http://book.naver.com/bookdb/book_detail.naver?bid=5339482
114,아투안의 무덤,Adult tomb,9788982731921.0,어슐러 K. 르 귄,Ursula K. Le Guin,11.0,2.0,49.0,https://www.amazon.com/Tombs-Atuan-Ursula-K-Guin/dp/0689845367/,https://www.goodreads.com/book/show/13662.The_Tombs_of_Atuan,https://www.amazon.it/tombe-Atuan-Ursula-K-Guin/dp/8804516895,https://www.anobii.com/books/le-tombe-di-atuan/9788804574651/01b4f6c0fc3712d3d8,http://www.yes24.com/Product/Goods/2128248,http://book.naver.com/bookdb/book_detail.naver?bid=2502429
115,날고양이들,Flights,9788992026420.0,어슐러 K. 르 귄,Ursula K. Le Guin,35.0,2.0,45.0,https://www.amazon.com/Catwings-Ursula-K-Guin/dp/0439551897/,https://www.goodreads.com/book/show/13664.Catwings,https://www.amazon.it/Gattivolanti-Ursula-K-Guin/dp/8865260831,https://www.anobii.com/books/gattivolanti/9788865260838/0160574bc5165ae2b1,http://www.yes24.com/Product/Goods/3367397,http://book.naver.com/bookdb/book_detail.naver?bid=6005336
116,머나먼 바닷가,Munaman beach,9788982731938.0,어슐러 K. 르 귄,Ursula K. Le Guin,10.0,3.0,43.0,https://www.amazon.com/Earthsea-Cycle-Farthest-Shore/dp/141650964X/,https://www.goodreads.com/book/show/13667.The_Farthest_Shore,https://www.amazon.it/spiaggia-piu-lontana-Guin-Ursula/dp/B07MTF5VGN,https://www.anobii.com/books/la-spiaggia-piu-lontana/010003d417628cba74,http://www.yes24.com/Product/Goods/2128252,http://book.naver.com/bookdb/book_detail.naver?bid=2502431
117,테하누,Tahau,9788982731945.0,어슐러 K. 르 귄,Ursula K. Le Guin,12.0,5.0,42.0,https://www.amazon.com/Tehanu-Ursula-K-Guin/dp/1416509631/,https://www.goodreads.com/book/show/13661.Tehanu,https://www.amazon.it/Lisola-del-drago-Ursula-Guin/dp/8830410705,https://www.anobii.com/books/l-isola-del-drago/9788830410701/01314e27228198f70b,http://www.yes24.com/Product/Goods/2128253,http://book.naver.com/bookdb/book_detail.naver?bid=2501901
118,바람의 열두 방향,Twelve direction,9788952771841.0,어슐러 K. 르 귄,Ursula K. Le Guin,14.0,47.0,40.0,https://www.amazon.com/Winds-Twelve-Quarters-Ursula-Guin/dp/055302907X,https://www.goodreads.com/book/show/77289.The_Wind_s_Twelve_Quarters,https://www.amazon.it/dodici-punti-cardinali-Ursula-Guin/dp/8842912980,https://www.anobii.com/books/i-dodici-punti-cardinali/9788842912989/01091b22d07affcadd,http://www.yes24.com/Product/Goods/15411008,http://book.naver.com/bookdb/book_detail.naver?bid=8522731
119,뉴로맨서,Neuromancer,9788982738852.0,윌리엄 깁슨,William Gibson,8.0,7.0,42.0,https://www.amazon.com/Neuromancer-William-Gibson/dp/1473217385/,https://www.goodreads.com/book/show/6088007-neuromancer,https://www.amazon.it/Neuromante-William-Gibson/dp/8804679395,https://www.anobii.com/books/neuromante/9788852055119/01ba82c383d821c33b,http://www.yes24.com/Product/Goods/1502632,http://book.naver.com/bookdb/book_detail.naver?bid=1569948
120,,The Vegetarian,,,Han Kang,,,,https://www.amazon.com/gp/product/B00R1BRKDG/,https://www.goodreads.com/book/show/25489025-the-vegetarian,https://www.amazon.it/vegetariana-Han-Kang/dp/8845934012,https://www.anobii.com/books/la-vegetariana/9788845978432/016e22db28afa24782,http://www.yes24.com/Product/Goods/2743588,https://book.naver.com/bookdb/book_detail.naver?bid=3309417
121,,Human acts,,,Han Kang,,,,https://www.amazon.com/gp/product/B01EQ2S3J2/,https://www.goodreads.com/book/show/30091914-human-acts,https://www.amazon.it/gp/product/B075FX651V,https://www.anobii.com/books/atti-umani/9788845932014/011a5600d524cf2177,http://www.yes24.com/Product/Goods/13137546,https://book.naver.com/bookdb/book_detail.naver?bid=7615129
122,,Please look after mom,,,Kyung-Sook Shin,,,,https://www.amazon.com/gp/product/B004FEG35I,https://www.goodreads.com/book/show/8574333-please-look-after-mom?from_search=true&from_srp=true&qid=HYWuLQYbEO&rank=1,https://www.amazon.it/gp/product/B008NA44EM,https://www.anobii.com/books/prenditi-cura-di-lei/9788854504233/01bc3a784c851ad599,http://www.yes24.com/Product/Goods/3105115,https://book.naver.com/bookdb/book_detail.naver?bid=4979122
123,,The court dancer,,,Kyung-Sook Shin,,,,https://www.amazon.com/Court-Dancer-Novel-English-ebook/dp/B077J7SNNP/,https://www.goodreads.com/book/show/36327117-the-court-dancer,https://www.amazon.it/danzatrice-Seul-Shin-Kyung-sook-ebook/dp/B07QD87QG3,https://www.anobii.com/books/la-danzatrice-di-seul/9788856669497/01f74252136dcfacf1,http://www.yes24.com/Product/Goods/2594564,https://book.naver.com/bookdb/book_detail.naver?bid=2921021
124,,I’ll be right there,,,Kyung-Sook Shin,,,,https://www.amazon.com/Ill-Right-There-Kyung-Sook-Shin/dp/1590516737/,https://www.goodreads.com/book/show/18209505-i-ll-be-right-there,https://www.amazon.it/Io-ci-sarò-Kyung-Sook-Shin/dp/8838931119,https://www.anobii.com/books/io-ci-saro/9788838931611/0166043c174fc1260b,http://www.yes24.com/Product/Goods/3848527,https://book.naver.com/bookdb/book_detail.naver?bid=6272007
125,,Pachinko,,,Min Jin Lee,,,,https://www.amazon.com/Pachinko-National-Book-Award-Finalist-ebook/dp/B01GZY28JA,https://www.goodreads.com/book/show/34051011-pachinko,https://www.amazon.it/moglie-coreana-Min-Jin-Lee-ebook/dp/B07JN5GMYF,https://www.anobii.com/books/la-moglie-coreana/9788856665796/01571fc3a8dec10f94,http://www.yes24.com/Product/Goods/59382261,https://book.naver.com/bookdb/book_detail.naver?bid=13428208
126,,The Hen Who Dreamed She Could Fly,,,Sun-mi Hwang,,,,https://www.amazon.com/Hen-Who-Dreamed-she-Could/dp/1780745346,https://www.goodreads.com/book/show/17707648-the-hen-who-dreamed-she-could-fly,https://www.amazon.it/gallina-che-sognava-volare/dp/8845277747/,https://www.anobii.com/books/la-gallina-che-sognava-di-volare/9788845277740/01600f962116a7c207,http://www.yes24.com/Product/Goods/276635,https://book.naver.com/bookdb/book_detail.naver?bid=159722
127,,"Kim Jiyoung, Born 1982",,,Nam-joo Cho,,,,https://www.amazon.com/Kim-Jiyoung-Born-1982-Nam-Joo/dp/1471184307,https://www.goodreads.com/book/show/46041199-kim-jiyoung-born-1982,https://www.amazon.it/Nata-nel-1982-Nam-Joo/dp/8894814343,https://www.anobii.com/books/kim-ji-young-nata-nel-1982/9788894814347/0170f18b9de9932c32,http://www.yes24.com/Product/Goods/32972572,https://book.naver.com/bookdb/book_detail.naver?bid=11211133
128,,The good son,,,You-jeong Jeong,,,,https://www.amazon.com/Good-Son-bestselling-Korean-thriller/dp/1408711230,https://www.goodreads.com/book/show/36804340-the-good-son,https://www.amazon.it/origini-del-male-You-jeong-Jeong/dp/8807033372,https://www.anobii.com/books/le-origini-del-male/9788807033377/01f9671d9321caa9e4,http://www.yes24.com/Product/Goods/27643793,https://book.naver.com/bookdb/book_detail.naver?bid=10567640
129,,The investigation,,,Jung-myung Lee,,,,https://www.amazon.com/Investigation-Chi-Young-Kim-Jung-myung-Lee/dp/1447228251,https://www.goodreads.com/book/show/25328937-the-investigation,https://www.amazon.it/guardia-poeta-linvestigatore-Jung-myung-Lee/dp/8838933480,https://www.anobii.com/books/la-guardia-il-poeta-e-l-investigatore/9788838934711/01297a65dbccb30600,http://www.yes24.com/Product/Goods/7196969,https://book.naver.com/bookdb/book_detail.naver?bid=6942104
130,,Untold Night and Day,,,Bae Suah,,,,https://www.amazon.com/gp/product/B07V3335HK/,https://www.goodreads.com/book/show/50157589-untold-night-and-day,https://www.amazon.it/gp/product/B08KTR3GL6,https://www.anobii.com/books/notti-invisibili-giorni-sconosciuti/9788867832873/01c3db33d4eab543af,http://www.yes24.com/Product/Goods/8736913,https://book.naver.com/bookdb/book_detail.naver?bid=7186482
131,,The plotter,,,Un-Su Kim,,,,https://www.amazon.com/gp/product/1925603768,https://www.goodreads.com/book/show/39618887-the-plotters,https://www.amazon.it/I-cospiratori-Kim-ebook/dp/B07QH5RWNT,https://www.anobii.com/books/i-cospiratori/9788869054471/01b3b41e4bab225f67,http://www.yes24.com/Product/Goods/69284667,https://book.naver.com/bookdb/book_detail.naver?bid=14477770
132,,I Have the Right to Destroy Myself,,,Young-ha Kim,,,,https://www.amazon.com/gp/product/0156030802,https://www.goodreads.com/book/show/797192.I_Have_the_Right_to_Destroy_Myself,https://www.amazon.it/Ho-diritto-distruggermi-Kim-Young-Ha/dp/8896317452,https://www.anobii.com/books/Ho_il_diritto_di_distruggermi/9788896317457/01172b71d803e7ea92,http://www.yes24.com/Product/Goods/4077402,https://book.naver.com/bookdb/book_detail.naver?bid=6340899
133,,Diary of a murderer,,,Young-ha Kim,,,,https://www.amazon.com/gp/product/1328545423,https://www.goodreads.com/book/show/40796117-diary-of-a-murderer,https://www.amazon.it/Memorie-assassino-Young-ha-Kim/dp/8896317622,https://www.anobii.com/books/memorie-di-un-assassino/9788896317624/0147929d3904f86496,http://www.yes24.com/Product/Goods/9196011,https://book.naver.com/bookdb/book_detail.naver?bid=7262295
134,,Princess Bari,,,Hwang Sok-yong,,,,https://www.amazon.com/gp/product/1859641741/,https://www.goodreads.com/book/show/25525419-princess-bari,https://www.amazon.it/Bianca-come-Supercoralli-Hwang-Sok-yong-ebook/dp/B01M25YKY6,https://www.anobii.com/books/Bianca_come_la_luna/9788806219031/012f4a50be6c2d5596,http://www.yes24.com/Product/Goods/2635373,https://book.naver.com/bookdb/book_detail.naver?bid=2954327
